site,country,track,feed_class,mode,scenario,gross_t_per_t_p50,gross_p10,gross_p90,net_t_per_t_p50,share_not_viable,cost_usd_per_tco2_p50,cost_p10,cost_p90,removal_Mt_p50,t_air_c,precip_mm,moisture_factor,slope_deg,road_km,grid_gco2_kwh,grid_src,elec_usd_per_mwh,elec_src
Jeffrey Mine (Val-des-Sources),Canada,A: existing tailings,serp_partial,passive_pile,FOAK,0.02317337219385964,0.01338875770890811,0.035524724552351096,0.02317337219385964,0.0,985.4912956942185,556.5067419679443,1905.708754481027,,5.9,1248,1.0,5.8,1.0,1,Quebec (HydroQuebec): Arca TEA LCA sheet: HydroQuebec 0.0012 t/MWh,46.0,Quebec (HydroQuebec industrial): Arca TEA demo column
Black Lake pile (Thetford Mines),Canada,A: existing tailings,serp_lizardite,passive_pile,FOAK,0.014399712987562006,0.007043303298579949,0.025504474644139817,0.014399712987562006,0.0,1564.9269275959823,811.1820983955004,3524.8769876093143,1.5839684286318207,5.0,1284,1.0,5.0,1.4,1,Quebec (HydroQuebec): Arca TEA LCA sheet: HydroQuebec 0.0012 t/MWh,46.0,Quebec (HydroQuebec industrial): Arca TEA demo column
Thetford Mines district (all piles),Canada,A: existing tailings,serp_lizardite,passive_pile,FOAK,0.01406465563242482,0.006640514863213415,0.025289496277977865,0.01406465563242482,0.0,1631.6466821667143,796.511453908348,3639.404751312201,,4.2,1385,1.0,1.0,1.3,1,Quebec (HydroQuebec): Arca TEA LCA sheet: HydroQuebec 0.0012 t/MWh,46.0,Quebec (HydroQuebec industrial): Arca TEA demo column
Asbestos Hill (Purtuniq),Canada,A: existing tailings,serp_lizardite,passive_pile,FOAK,0.006015999200897085,0.0026576190016453674,0.011858111830035666,0.006015999200897085,0.0,3926.402967666366,1831.574266838316,9608.420834009108,,-10.3,760,1.0,2.0,916.8,750,Nunavik off-grid diesel: judgement: isolated diesel generation; no grid connection,,tier default range
Baie Verte (Advocate),Canada,A: existing tailings,serp_lizardite,passive_pile,FOAK,0.013119329256161737,0.006164704661308713,0.023838961005176903,0.013119329256161737,0.0,1735.6787409240474,872.4494342400214,3924.439386405372,0.6166084750396016,3.0,1382,1.0,1.5,0.9,191,Ember latest year,,tier default range
Cassiar,Canada,A: existing tailings,serp_lizardite,passive_pile,FOAK,0.0077879186319530554,0.003451351070218517,0.014794520364095674,0.0077879186319530554,0.0,3087.0750388422634,1441.2737916652766,7591.869352970619,0.13239461674320194,-6.7,1180,1.0,7.5,11.7,191,Ember latest year,,tier default range
Clinton Creek,Canada,A: existing tailings,serp_lizardite,passive_pile,FOAK,0.009358973383090972,0.004136019758137526,0.017451279736363838,0.009358973383090972,0.0,2518.4724825168296,1208.8836128555422,6089.580319639873,0.09358973383090971,-3.7,467,1.0,3.8,20.0,191,Ember latest year,,tier default range
New Idria,United States,A: existing tailings,serp_partial,passive_pile,FOAK,0.02830127214954979,0.017690009282645323,0.04282293982710786,0.02830127214954979,0.0,771.4248033210536,437.1977384072924,1352.543895884448,,13.8,371,1.0,7.8,1.8,185,"California: WSP option analysis, Carbon Intensity.docx: ~0.15-0.22 kg/kWh",,tier default range
Atlas / Coalinga asbestos,United States,A: existing tailings,serp_partial,passive_pile,FOAK,0.027642159006581676,0.016879190506878035,0.04124538290025733,0.027642159006581676,0.0,787.4735867700772,458.94206761140305,1421.4184100424277,,12.3,386,1.0,9.0,6.2,185,"California: WSP option analysis, Carbon Intensity.docx: ~0.15-0.22 kg/kWh",,tier default range
Lowell / Belvidere (VAG),United States,A: existing tailings,serp_lizardite,passive_pile,FOAK,0.013953821081518445,0.006829208278568141,0.02401787678293323,0.013953821081518445,0.0,1644.6184153726783,846.237516855881,3576.1422567392433,0.6279219486683301,4.9,1749,1.0,6.8,3.8,230,Vermont / New England (ISO-NE): judgement placeholder: ISO-NE marginal ~0.2-0.3 kg/kWh; replace with eGRID NEWE,46.0,Quebec (HydroQuebec industrial): Arca TEA demo column
Woodsreef,Australia,A: existing tailings,serp_lizardite,passive_pile,FOAK,0.020039564314511923,0.010229321466596844,0.03363998641823827,0.020039564314511923,0.0,1047.382771626968,558.029370453584,2195.609224636363,0.500989107862798,16.5,644,1.0,0.8,0.7,650,New South Wales NEM: WSP: ~0.60-0.70,,tier default range
Mount Keith,Australia,A: existing tailings,serp_partial,passive_pile,FOAK,0.030918827628479077,0.019582400785695647,0.04579615794389373,0.030918827628479077,0.0,662.2585791434681,388.7131363754556,1174.6993650168467,,21.7,284,1.0,1.0,1.2,500,Western Australia SWIS: WSP: ~0.45-0.55,,tier default range
Shabanie (Zvishavane),Zimbabwe,A: existing tailings,serp_lizardite,passive_pile,FOAK,0.021117091394855472,0.010801723473166403,0.0348337941843396,0.021117091394855472,0.0,951.6947758969391,509.1897146719034,1973.8163125751412,,21.2,578,1.0,0.5,3.6,500,Zimbabwe: WSP: ~0.45-0.55,,tier default range
Gaths (Mashava),Zimbabwe,A: existing tailings,serp_lizardite,passive_pile,FOAK,0.021047245205959204,0.011249914044240045,0.03453186561284374,0.021047245205959204,0.0,937.3093202087814,525.8343234002255,1994.2542060225783,3.009756064452166,19.8,617,1.0,3.0,0.3,500,Zimbabwe: WSP: ~0.45-0.55,,tier default range
Havelock / Bulembu,Eswatini,A: existing tailings,serp_lizardite,passive_pile,FOAK,0.019693128646595885,0.00975103110173967,0.03343251697880891,0.019693128646595885,0.0,1061.7114307349698,576.1810920730911,2279.993257327099,0.9846564323297943,15.4,1100,1.0,13.8,1.9,131,Ember latest year,,tier default range
Msauli,South Africa,A: existing tailings,serp_lizardite,passive_pile,FOAK,0.019135958855239072,0.00991221766673402,0.03213151260600173,0.019135958855239072,0.0,1117.5510821150433,590.9947665122917,2304.2168646260016,,14.4,1072,1.0,4.2,5.3,699,Ember latest year,,tier default range
Cana Brava (SAMA),Brazil,A: existing tailings,serp_lizardite,passive_pile,FOAK,0.021567563563994127,0.010508583854299187,0.03626770885706955,0.021567563563994127,0.0,873.3795876594902,469.4752777807445,1914.1621060681825,,26.5,1239,1.0,3.0,4.7,105,Brazil Centre-West (SIN): WSP: ~0.09-0.12,,tier default range
Bazhenovskoye (Uralasbest),Russia,A: existing tailings,serp_antigorite,passive_pile,FOAK,0.0028283810842890146,0.0010397244681615882,0.005525256264964078,0.0028283810842890146,0.0,8128.464998781441,3654.8095988575224,23546.076590099838,,2.7,525,1.0,6.2,1.1,410,Urals (Russia): WSP: ~0.37-0.45,,tier default range
Dzhetygara (Zhitikara),Kazakhstan,A: existing tailings,serp_lizardite,passive_pile,FOAK,0.013151797660450777,0.00613907224900714,0.02376381178756113,0.013151797660450777,0.0,1758.3455627861017,880.234655416665,4097.185718573056,,4.0,331,1.0,0.2,0.4,410,Urals (Russia): WSP: ~0.37-0.45,,tier default range
Balangero,Italy,A: existing tailings,serp_antigorite,passive_pile,FOAK,0.0038401423541772547,0.0015078743458777479,0.0073802251046083825,0.0038401423541772547,0.0,5628.031758526967,2649.3063530908817,14807.080719658868,,11.5,1006,1.0,7.5,0.7,285,Ember latest year,,tier default range
Amiantos,Cyprus,A: existing tailings,serp_lizardite,passive_pile,FOAK,0.01890935661932991,0.009458721305181682,0.031307983381809804,0.01890935661932991,0.0,1128.9933193166353,599.5930587649067,2583.979532345831,,13.0,728,1.0,9.8,0.8,400,Turkey: WSP: ~0.38-0.42,,tier default range
Zidani,Greece,A: existing tailings,serp_lizardite,passive_pile,FOAK,0.018785131279363033,0.00922665405990034,0.03144581656193738,0.018785131279363033,0.0,1168.8337081786058,603.8736120531207,2571.343151494283,,12.4,516,1.0,2.5,0.7,324,Ember latest year,,tier default range
Diavik,Canada,A: existing tailings,kimberlite_tailings,passive_pile,FOAK,0.0040743238655124685,0.0019589935738289167,0.007888391891794194,0.0040743238655124685,0.0,5772.512539114194,2714.8274379423424,13153.3296010644,,-9.6,428,1.0,0.5,265.6,191,Ember latest year,,tier default range
Dumont Nickel (Launay),Canada,B: greenfield / project,serp_partial,passive_pile,FOAK,0.01918828449049352,0.010740629692087354,0.03086927770344291,0.01568452116516385,0.0,2920.7895810573877,1549.950801828729,6435.5948070942695,,1.9,946,1.0,0.0,0.7,1,"Abitibi, Quebec (HydroQuebec): Arca TEA LCA sheet: HydroQuebec 0.0012 t/MWh",46.0,"Abitibi, Quebec: Arca TEA demo column"
Baptiste (Decar),Canada,B: greenfield / project,serp_partial,passive_pile,FOAK,0.02106274944238129,0.012276094629986137,0.03260317228402162,0.01384575859402096,0.006000000000000005,3353.4798391741488,1723.8855846540037,9365.639739972588,,3.6,579,1.0,0.8,45.9,191,Ember latest year,,tier default range
Coral Bay region (WSP polygon 143),Australia,B: greenfield / project,dunite_fresh,passive_pile,FOAK,0.0020271649059090697,0.0007627986216976359,0.004048745065300056,-0.0109534829317522,1.0,,,,,23.5,235,1.0,0.2,0.8,500,Western Australia SWIS: WSP: ~0.45-0.55,,tier default range
Turkey polygon 22 (WSP),Turkey,B: greenfield / project,serp_lizardite,passive_pile,FOAK,0.01765218925497157,0.008666654792177009,0.029892502579739556,0.006396623691448111,0.14600000000000002,4739.986396441425,1953.791874867214,22510.742082377506,,10.5,601,1.0,0.0,0.7,400,Turkey: WSP: ~0.38-0.42,,tier default range
Niquelândia complex,Brazil,A: existing tailings,dunite_fresh,passive_pile,FOAK,0.0021703075620617745,0.0008565496230556581,0.004242278227625661,0.0021703075620617745,0.0,8706.72733005776,4018.3210499527186,23931.959785067487,,24.9,1477,1.0,2.2,0.8,105,Brazil Centre-West (SIN): WSP: ~0.09-0.12,,tier default range
Barro Alto,Brazil,A: existing tailings,laterite_saprolite,passive_pile,FOAK,0.007528899252279673,0.0032118077135744765,0.013070755329597894,0.007528899252279673,0.0,2549.640356900202,1274.2772825104098,6331.039503127824,,25.1,1494,1.0,0.5,1.7,105,Brazil Centre-West (SIN): WSP: ~0.09-0.12,,tier default range
Koniambo,New Caledonia,A: existing tailings,laterite_saprolite,passive_pile,FOAK,0.0072198232039949704,0.0029783286890397395,0.012712576973782237,0.0072198232039949704,0.0,2811.593935631819,1410.034027245778,7355.905914132429,,19.9,1827,1.0,9.0,5.6,561,Ember latest year,,tier default range
Tiébaghi,New Caledonia,A: existing tailings,laterite_saprolite,passive_pile,FOAK,0.007296383659836316,0.003186653745224953,0.01274826968370433,0.007296383659836316,0.0,2682.4400914936305,1376.7755983696984,6800.030883992064,,21.4,1356,1.0,2.2,1.7,561,Ember latest year,,tier default range
Goro (Massif du Sud),New Caledonia,A: existing tailings,laterite_saprolite,passive_pile,FOAK,0.006639167655358333,0.002799289125773901,0.012001052520423949,0.006639167655358333,0.0,3214.079652960305,1528.3252931787727,8138.837853378693,,21.8,2715,1.0,4.2,0.8,561,Ember latest year,,tier default range
Jeffrey Mine (Val-des-Sources),Canada,A: existing tailings,serp_partial,passive_pile,NOAK,0.022829497621105335,0.013738996305333831,0.03536687141035603,0.022829497621105335,0.0,613.9946856997551,340.5440426151194,1190.8649613037169,,5.9,1248,1.0,5.8,1.0,1,Quebec (HydroQuebec): Arca TEA LCA sheet: HydroQuebec 0.0012 t/MWh,46.0,Quebec (HydroQuebec industrial): Arca TEA demo column
Black Lake pile (Thetford Mines),Canada,A: existing tailings,serp_lizardite,passive_pile,NOAK,0.0143936186172378,0.006866163302437905,0.024908162260946082,0.0143936186172378,0.0,968.5301428307289,494.9619941236779,2317.768013332544,1.583298047896158,5.0,1284,1.0,5.0,1.4,1,Quebec (HydroQuebec): Arca TEA LCA sheet: HydroQuebec 0.0012 t/MWh,46.0,Quebec (HydroQuebec industrial): Arca TEA demo column
Thetford Mines district (all piles),Canada,A: existing tailings,serp_lizardite,passive_pile,NOAK,0.014002230454965556,0.006555800320208828,0.024678405649601855,0.014002230454965556,0.0,1011.5509481055215,501.7661019698042,2346.540643101518,,4.2,1385,1.0,1.0,1.3,1,Quebec (HydroQuebec): Arca TEA LCA sheet: HydroQuebec 0.0012 t/MWh,46.0,Quebec (HydroQuebec industrial): Arca TEA demo column
Asbestos Hill (Purtuniq),Canada,A: existing tailings,serp_lizardite,passive_pile,NOAK,0.0060853541498198955,0.0026044173166936643,0.011498706377819001,0.0060853541498198955,0.0,2481.94461223081,1114.73033706991,6076.787576872407,,-10.3,760,1.0,2.0,916.8,750,Nunavik off-grid diesel: judgement: isolated diesel generation; no grid connection,,tier default range
Baie Verte (Advocate),Canada,A: existing tailings,serp_lizardite,passive_pile,NOAK,0.013384210782177473,0.006670151590107681,0.02375766459904217,0.013384210782177473,0.0,1043.8653320390752,516.7698712531293,2354.3884163841585,0.6290579067623412,3.0,1382,1.0,1.5,0.9,191,Ember latest year,,tier default range
Cassiar,Canada,A: existing tailings,serp_lizardite,passive_pile,NOAK,0.00777567523850351,0.003393493512403018,0.014631275290788509,0.00777567523850351,0.0,1873.4743298639614,894.5641380400034,4550.4596620907605,0.13218647905455966,-6.7,1180,1.0,7.5,11.7,191,Ember latest year,,tier default range
Clinton Creek,Canada,A: existing tailings,serp_lizardite,passive_pile,NOAK,0.00922591879505506,0.0043770167293229354,0.017409420676609222,0.00922591879505506,0.0,1514.0600677413936,749.9855773656376,3707.486197283372,0.0922591879505506,-3.7,467,1.0,3.8,20.0,191,Ember latest year,,tier default range
New Idria,United States,A: existing tailings,serp_partial,passive_pile,NOAK,0.027826332351369908,0.01695970866375801,0.04212222081789362,0.027826332351369908,0.0,491.31947497348494,274.21547818463705,863.2621625010772,,13.8,371,1.0,7.8,1.8,185,"California: WSP option analysis, Carbon Intensity.docx: ~0.15-0.22 kg/kWh",,tier default range
Atlas / Coalinga asbestos,United States,A: existing tailings,serp_partial,passive_pile,NOAK,0.027719043992785068,0.01694781455229886,0.04081404461036962,0.027719043992785068,0.0,495.94707455668026,284.15015683164273,883.0354817886152,,12.3,386,1.0,9.0,6.2,185,"California: WSP option analysis, Carbon Intensity.docx: ~0.15-0.22 kg/kWh",,tier default range
Lowell / Belvidere (VAG),United States,A: existing tailings,serp_lizardite,passive_pile,NOAK,0.013948320224412246,0.0068894140814146,0.0241041418772769,0.013948320224412246,0.0,1015.0001424648902,512.909032471574,2213.373847379852,0.6276744100985511,4.9,1749,1.0,6.8,3.8,230,Vermont / New England (ISO-NE): judgement placeholder: ISO-NE marginal ~0.2-0.3 kg/kWh; replace with eGRID NEWE,46.0,Quebec (HydroQuebec industrial): Arca TEA demo column
Woodsreef,Australia,A: existing tailings,serp_lizardite,passive_pile,NOAK,0.020661646896738464,0.010124740025803065,0.03397714907952633,0.020661646896738464,0.0,632.8524226745916,330.96023703061087,1396.354438403908,0.5165411724184615,16.5,644,1.0,0.8,0.7,650,New South Wales NEM: WSP: ~0.60-0.70,,tier default range
Mount Keith,Australia,A: existing tailings,serp_partial,passive_pile,NOAK,0.030730808530060952,0.019628632125717582,0.04530712460564523,0.030730808530060952,0.0,416.7941934440745,243.38084737638061,752.0670749582453,,21.7,284,1.0,1.0,1.2,500,Western Australia SWIS: WSP: ~0.45-0.55,,tier default range
Shabanie (Zvishavane),Zimbabwe,A: existing tailings,serp_lizardite,passive_pile,NOAK,0.021169674620289902,0.010640263153332588,0.034593355074190486,0.021169674620289902,0.0,579.9658128637318,315.8243902203771,1213.9526473616004,,21.2,578,1.0,0.5,3.6,500,Zimbabwe: WSP: ~0.45-0.55,,tier default range
Gaths (Mashava),Zimbabwe,A: existing tailings,serp_lizardite,passive_pile,NOAK,0.020592271484514375,0.009995223262696905,0.03428209688458569,0.020592271484514375,0.0,617.819237404284,320.9869050721346,1351.7004175811032,2.944694822285556,19.8,617,1.0,3.0,0.3,500,Zimbabwe: WSP: ~0.45-0.55,,tier default range
Havelock / Bulembu,Eswatini,A: existing tailings,serp_lizardite,passive_pile,NOAK,0.019369565629351344,0.009590994350185148,0.03261484407784737,0.019369565629351344,0.0,664.6042075960567,355.2852484643096,1408.297551518517,0.9684782814675672,15.4,1100,1.0,13.8,1.9,131,Ember latest year,,tier default range
Msauli,South Africa,A: existing tailings,serp_lizardite,passive_pile,NOAK,0.018824437953970628,0.009132703331274597,0.03292522180247158,0.018824437953970628,0.0,697.6644125559443,359.70369502226566,1534.8226031094118,,14.4,1072,1.0,4.2,5.3,699,Ember latest year,,tier default range
Cana Brava (SAMA),Brazil,A: existing tailings,serp_lizardite,passive_pile,NOAK,0.02165829249361874,0.010934561989782434,0.035684484491146196,0.02165829249361874,0.0,548.3132504547807,300.9641637016926,1162.0162685054065,,26.5,1239,1.0,3.0,4.7,105,Brazil Centre-West (SIN): WSP: ~0.09-0.12,,tier default range
Bazhenovskoye (Uralasbest),Russia,A: existing tailings,serp_antigorite,passive_pile,NOAK,0.0027808772507197698,0.0011070961546521309,0.005712190985567273,0.0027808772507197698,0.0,4878.2954409409795,2202.7172275062235,13230.527406390083,,2.7,525,1.0,6.2,1.1,410,Urals (Russia): WSP: ~0.37-0.45,,tier default range
Dzhetygara (Zhitikara),Kazakhstan,A: existing tailings,serp_lizardite,passive_pile,NOAK,0.012913667142394083,0.0059588029619004,0.022926640817879314,0.012913667142394083,0.0,1101.160245773583,547.7680140386443,2578.801276747519,,4.0,331,1.0,0.2,0.4,410,Urals (Russia): WSP: ~0.37-0.45,,tier default range
Balangero,Italy,A: existing tailings,serp_antigorite,passive_pile,NOAK,0.003742317841022097,0.0014765806789738844,0.007438612506020532,0.003742317841022097,0.0,3476.8943689877924,1605.4584301113907,9386.228476962218,,11.5,1006,1.0,7.5,0.7,285,Ember latest year,,tier default range
Amiantos,Cyprus,A: existing tailings,serp_lizardite,passive_pile,NOAK,0.018139368272577935,0.009236200532089995,0.0309929489844379,0.018139368272577935,0.0,745.5829933376597,373.40939485062603,1569.3695656073373,,13.0,728,1.0,9.8,0.8,400,Turkey: WSP: ~0.38-0.42,,tier default range
Zidani,Greece,A: existing tailings,serp_lizardite,passive_pile,NOAK,0.018318615247512417,0.009146647459377034,0.03139882976147036,0.018318615247512417,0.0,727.2963325318201,371.92239812598393,1555.1447740023277,,12.4,516,1.0,2.5,0.7,324,Ember latest year,,tier default range
Diavik,Canada,A: existing tailings,kimberlite_tailings,passive_pile,NOAK,0.004238602922184886,0.0018436668215520947,0.007833634482085274,0.004238602922184886,0.0,3446.5037925897877,1617.1995233991458,8188.174696565333,,-9.6,428,1.0,0.5,265.6,191,Ember latest year,,tier default range
Dumont Nickel (Launay),Canada,B: greenfield / project,serp_partial,passive_pile,NOAK,0.019116355625851202,0.010718921160724551,0.031103404456389858,0.015576809202606772,0.0010000000000000009,2356.5043079921384,1210.5416923853652,5501.17057891239,,1.9,946,1.0,0.0,0.7,1,"Abitibi, Quebec (HydroQuebec): Arca TEA LCA sheet: HydroQuebec 0.0012 t/MWh",46.0,"Abitibi, Quebec: Arca TEA demo column"
Baptiste (Decar),Canada,B: greenfield / project,serp_partial,passive_pile,NOAK,0.02104264952587794,0.011753531402787589,0.033573074624469276,0.013897198502871452,0.010000000000000009,2652.520528636696,1309.1927999579402,7566.029397053019,,3.6,579,1.0,0.8,45.9,191,Ember latest year,,tier default range
Coral Bay region (WSP polygon 143),Australia,B: greenfield / project,dunite_fresh,passive_pile,NOAK,0.0019731045687749063,0.0007362853137053949,0.003986903387375449,-0.011017136163384914,1.0,,,,,23.5,235,1.0,0.2,0.8,500,Western Australia SWIS: WSP: ~0.45-0.55,,tier default range
Turkey polygon 22 (WSP),Turkey,B: greenfield / project,serp_lizardite,passive_pile,NOAK,0.017577976352721396,0.00883228869626578,0.030158633494837387,0.0063626487283472925,0.14849999999999997,3653.240655079713,1501.8757181460371,17921.36963267278,,10.5,601,1.0,0.0,0.7,400,Turkey: WSP: ~0.38-0.42,,tier default range
Niquelândia complex,Brazil,A: existing tailings,dunite_fresh,passive_pile,NOAK,0.0021970519856343365,0.0008280135714478897,0.004229133608560809,0.0021970519856343365,0.0,5297.632518142849,2423.8487481942825,14529.457597661776,,24.9,1477,1.0,2.2,0.8,105,Brazil Centre-West (SIN): WSP: ~0.09-0.12,,tier default range
Barro Alto,Brazil,A: existing tailings,laterite_saprolite,passive_pile,NOAK,0.007663859381348167,0.0032638187529897755,0.013317145961102485,0.007663859381348167,0.0,1534.7456409741517,782.295690731976,3847.7392781101776,,25.1,1494,1.0,0.5,1.7,105,Brazil Centre-West (SIN): WSP: ~0.09-0.12,,tier default range
Koniambo,New Caledonia,A: existing tailings,laterite_saprolite,passive_pile,NOAK,0.0071641210320068024,0.003156313728904819,0.012697554036291183,0.0071641210320068024,0.0,1737.82174291794,838.8874701067098,4317.885430681727,,19.9,1827,1.0,9.0,5.6,561,Ember latest year,,tier default range
Tiébaghi,New Caledonia,A: existing tailings,laterite_saprolite,passive_pile,NOAK,0.00733279196026971,0.003096901132556977,0.013015469088426294,0.00733279196026971,0.0,1665.18471820174,814.5824399548767,4228.832750002864,,21.4,1356,1.0,2.2,1.7,561,Ember latest year,,tier default range
Goro (Massif du Sud),New Caledonia,A: existing tailings,laterite_saprolite,passive_pile,NOAK,0.006582671286341768,0.002774035478187084,0.011887679808526324,0.006582671286341768,0.0,1980.721279796655,956.6463363704082,5009.000831221786,,21.8,2715,1.0,4.2,0.8,561,Ember latest year,,tier default range
Jeffrey Mine (Val-des-Sources),Canada,A: existing tailings,serp_partial,reactor_aerated,FOAK,0.03318509344766768,0.021119152288626156,0.04820960559607628,0.03308765818113124,0.0,1446.8043409724762,848.1520244416298,2621.576040995498,,5.9,1248,1.0,5.8,1.0,1,Quebec (HydroQuebec): Arca TEA LCA sheet: HydroQuebec 0.0012 t/MWh,46.0,Quebec (HydroQuebec industrial): Arca TEA demo column
Black Lake pile (Thetford Mines),Canada,A: existing tailings,serp_lizardite,reactor_aerated,FOAK,0.02192608078486078,0.011242467869535496,0.037004012007099435,0.021848752234891966,0.0,2187.048919198807,1135.341040179907,4890.44792403177,2.4118688863346858,5.0,1284,1.0,5.0,1.4,1,Quebec (HydroQuebec): Arca TEA LCA sheet: HydroQuebec 0.0012 t/MWh,46.0,Quebec (HydroQuebec industrial): Arca TEA demo column
Thetford Mines district (all piles),Canada,A: existing tailings,serp_lizardite,reactor_aerated,FOAK,0.021997182934340984,0.011143390227990227,0.036565386366340165,0.02190418461265791,0.0,2201.7829874632757,1168.5552197287232,4960.301820913614,,4.2,1385,1.0,1.0,1.3,1,Quebec (HydroQuebec): Arca TEA LCA sheet: HydroQuebec 0.0012 t/MWh,46.0,Quebec (HydroQuebec industrial): Arca TEA demo column
Asbestos Hill (Purtuniq),Canada,A: existing tailings,serp_lizardite,reactor_aerated,FOAK,0.019758110198419096,0.009057663022479092,0.03270705836125644,-0.03554568579094292,0.9145,9270.044106884048,2914.326687845617,51802.42471434034,,-10.3,760,1.0,2.0,916.8,750,Nunavik off-grid diesel: judgement: isolated diesel generation; no grid connection,,tier default range
Baie Verte (Advocate),Canada,A: existing tailings,serp_lizardite,reactor_aerated,FOAK,0.02239729880534009,0.011716713250161171,0.03662247718481324,0.008565776534171326,0.10699999999999998,3807.191207605204,1634.5826297896451,15504.816883879272,1.0526730438509841,3.0,1382,1.0,1.5,0.9,191,Ember latest year,,tier default range
Cassiar,Canada,A: existing tailings,serp_lizardite,reactor_aerated,FOAK,0.020659920407065373,0.009949733010801348,0.03420340831007418,0.006622674831037212,0.16449999999999998,4866.24017574999,2019.4138332622006,21516.07093840408,0.35121864692011134,-6.7,1180,1.0,7.5,11.7,191,Ember latest year,,tier default range
Clinton Creek,Canada,A: existing tailings,serp_lizardite,reactor_aerated,FOAK,0.021188609426174343,0.010333163539636508,0.035156815003895454,0.006781634196213372,0.15800000000000003,4558.745659654032,1838.3874062976777,21101.001281467194,0.21188609426174343,-3.7,467,1.0,3.8,20.0,191,Ember latest year,,tier default range
New Idria,United States,A: existing tailings,serp_partial,reactor_aerated,FOAK,0.03415180031121047,0.021200803683653364,0.048631598388633776,0.019946723531336585,0.0030000000000000027,2021.1709598479742,1084.1309700737072,4818.883465432544,,13.8,371,1.0,7.8,1.8,185,"California: WSP option analysis, Carbon Intensity.docx: ~0.15-0.22 kg/kWh",,tier default range
Atlas / Coalinga asbestos,United States,A: existing tailings,serp_partial,reactor_aerated,FOAK,0.03347247230096564,0.021514629518341547,0.04758372938884576,0.01942422237116646,0.0030000000000000027,2109.0074323731237,1086.8313754088183,4753.885778040805,,12.3,386,1.0,9.0,6.2,185,"California: WSP option analysis, Carbon Intensity.docx: ~0.15-0.22 kg/kWh",,tier default range
Lowell / Belvidere (VAG),United States,A: existing tailings,serp_lizardite,reactor_aerated,FOAK,0.021731140405174425,0.010897330357115268,0.03671282544108551,0.004910380360409312,0.17400000000000004,4045.299345189167,1654.4632051361168,17817.312880002206,0.9779013182328491,4.9,1749,1.0,6.8,3.8,230,Vermont / New England (ISO-NE): judgement placeholder: ISO-NE marginal ~0.2-0.3 kg/kWh; replace with eGRID NEWE,46.0,Quebec (HydroQuebec industrial): Arca TEA demo column
Woodsreef,Australia,A: existing tailings,serp_lizardite,reactor_aerated,FOAK,0.02178613940402603,0.011375778588133389,0.037373014782081056,-0.025646083138279555,0.745,6781.116077494151,2252.3880620956334,37835.17667871215,0.5446534851006508,16.5,644,1.0,0.8,0.7,650,New South Wales NEM: WSP: ~0.60-0.70,,tier default range
Mount Keith,Australia,A: existing tailings,serp_partial,reactor_aerated,FOAK,0.03349692584162367,0.02149896393198213,0.04803528833761316,-0.003337215650845002,0.271,3602.070064777158,1436.9060134169029,15919.604486379038,,21.7,284,1.0,1.0,1.2,500,Western Australia SWIS: WSP: ~0.45-0.55,,tier default range
Shabanie (Zvishavane),Zimbabwe,A: existing tailings,serp_lizardite,reactor_aerated,FOAK,0.021592793429568977,0.011457234777627601,0.03629180840251359,-0.014624801799688192,0.5740000000000001,6110.097792285134,2093.6873245045176,36025.5929596556,,21.2,578,1.0,0.5,3.6,500,Zimbabwe: WSP: ~0.45-0.55,,tier default range
Gaths (Mashava),Zimbabwe,A: existing tailings,serp_lizardite,reactor_aerated,FOAK,0.02202728448376702,0.011077630744514197,0.03619233438010691,-0.014601925481422248,0.575,5614.668350444316,2130.897003995009,29746.16920674664,3.149901681178684,19.8,617,1.0,3.0,0.3,500,Zimbabwe: WSP: ~0.45-0.55,,tier default range
Havelock / Bulembu,Eswatini,A: existing tailings,serp_lizardite,reactor_aerated,FOAK,0.02259144449970154,0.011425654224321822,0.037119980301091766,0.012467087456454858,0.027000000000000024,3041.374457112812,1407.4221147963851,9742.602170202734,1.129572224985077,15.4,1100,1.0,13.8,1.9,131,Ember latest year,,tier default range
Msauli,South Africa,A: existing tailings,serp_lizardite,reactor_aerated,FOAK,0.021532157042827398,0.010931764197612692,0.036822543612046434,-0.02943593123186202,0.8015,7233.543986344724,2332.201667184535,45267.48177993259,,14.4,1072,1.0,4.2,5.3,699,Ember latest year,,tier default range
Cana Brava (SAMA),Brazil,A: existing tailings,serp_lizardite,reactor_aerated,FOAK,0.02217650347682456,0.011190635965653051,0.036773568217873275,0.01454644431142851,0.014000000000000012,2741.3574363558646,1371.36257150769,8263.639236390778,,26.5,1239,1.0,3.0,4.7,105,Brazil Centre-West (SIN): WSP: ~0.09-0.12,,tier default range
Bazhenovskoye (Uralasbest),Russia,A: existing tailings,serp_antigorite,reactor_aerated,FOAK,0.004652426582547352,0.0018993125307800555,0.008843392477167951,-0.024833103182652715,0.9945,97489.38336939854,34626.62237641066,254388.33201574665,,2.7,525,1.0,6.2,1.1,410,Urals (Russia): WSP: ~0.37-0.45,,tier default range
Dzhetygara (Zhitikara),Kazakhstan,A: existing tailings,serp_lizardite,reactor_aerated,FOAK,0.021751519981933462,0.01113463541733096,0.035798592356704864,-0.008511348731743338,0.507,5680.28293692465,2214.1758806258863,29704.439269554565,,4.0,331,1.0,0.2,0.4,410,Urals (Russia): WSP: ~0.37-0.45,,tier default range
Balangero,Italy,A: existing tailings,serp_antigorite,reactor_aerated,FOAK,0.0047181439208945075,0.0018652915522590092,0.008586514440505393,-0.0159260099516663,0.962,37234.46896542491,11663.568489557478,167122.26514839852,,11.5,1006,1.0,7.5,0.7,285,Ember latest year,,tier default range
Amiantos,Cyprus,A: existing tailings,serp_lizardite,reactor_aerated,FOAK,0.02157424948840507,0.011055187087015566,0.0364624284859825,-0.007660492841711938,0.45199999999999996,5379.726249404267,2047.3911350669641,28303.719496896098,,13.0,728,1.0,9.8,0.8,400,Turkey: WSP: ~0.38-0.42,,tier default range
Zidani,Greece,A: existing tailings,serp_lizardite,reactor_aerated,FOAK,0.02189856325037372,0.011740117027842343,0.0367137624608509,-0.0019281604996130748,0.3135,4661.043283993259,1829.3120705160195,25506.939750869482,,12.4,516,1.0,2.5,0.7,324,Ember latest year,,tier default range
Diavik,Canada,A: existing tailings,kimberlite_tailings,reactor_aerated,FOAK,0.012821213926642192,0.006842551782711634,0.021343306860517205,-0.0013391862033612359,0.43200000000000005,10380.709161479996,3812.103794291762,64110.39117435916,,-9.6,428,1.0,0.5,265.6,191,Ember latest year,,tier default range
Dumont Nickel (Launay),Canada,B: greenfield / project,serp_partial,reactor_aerated,FOAK,0.033408828145127564,0.021115967860473095,0.04877530122797714,0.029852952194737402,0.0,2219.825123670735,1314.1050938998314,4049.3318657607715,,1.9,946,1.0,0.0,0.7,1,"Abitibi, Quebec (HydroQuebec): Arca TEA LCA sheet: HydroQuebec 0.0012 t/MWh",46.0,"Abitibi, Quebec: Arca TEA demo column"
Baptiste (Decar),Canada,B: greenfield / project,serp_partial,reactor_aerated,FOAK,0.0335910868128742,0.020803105085183675,0.04826540564670416,0.012228627316070037,0.049000000000000044,3849.772203766522,1934.832651927284,12035.67034867889,,3.6,579,1.0,0.8,45.9,191,Ember latest year,,tier default range
Coral Bay region (WSP polygon 143),Australia,B: greenfield / project,dunite_fresh,reactor_aerated,FOAK,0.0022673231946919187,0.0008158084442640385,0.004389546108990117,-0.04770128569629322,1.0,,,,,23.5,235,1.0,0.2,0.8,500,Western Australia SWIS: WSP: ~0.45-0.55,,tier default range
Turkey polygon 22 (WSP),Turkey,B: greenfield / project,serp_lizardite,reactor_aerated,FOAK,0.022160968131463548,0.011305657681335568,0.036826090090163716,-0.017973621753029256,0.6845,9412.704262912428,3851.651782876186,62993.43075411473,,10.5,601,1.0,0.0,0.7,400,Turkey: WSP: ~0.38-0.42,,tier default range
Niquelândia complex,Brazil,A: existing tailings,dunite_fresh,reactor_aerated,FOAK,0.002180573163294797,0.0008619583771697973,0.004371491059990486,-0.00542143010039133,0.8955,48605.52996358334,17698.37018950063,303667.53403886984,,24.9,1477,1.0,2.2,0.8,105,Brazil Centre-West (SIN): WSP: ~0.09-0.12,,tier default range
Barro Alto,Brazil,A: existing tailings,laterite_saprolite,reactor_aerated,FOAK,0.0075660716577761414,0.0034196348857342706,0.013118210899155472,-0.0003792180518609467,0.28300000000000003,12114.553582366203,4556.3275596854355,63910.651805570495,,25.1,1494,1.0,0.5,1.7,105,Brazil Centre-West (SIN): WSP: ~0.09-0.12,,tier default range
Koniambo,New Caledonia,A: existing tailings,laterite_saprolite,reactor_aerated,FOAK,0.007814166939467073,0.0034085522300509956,0.013233351595530756,-0.0335071424279888,0.98,30143.586515940464,6731.3184619788735,97867.49679949548,,19.9,1827,1.0,9.0,5.6,561,Ember latest year,,tier default range
Tiébaghi,New Caledonia,A: existing tailings,laterite_saprolite,reactor_aerated,FOAK,0.0076553219858524315,0.003390015626724793,0.013409593047983429,-0.03306120966222878,0.9845,30126.08738660233,8803.923828039118,224239.52284835788,,21.4,1356,1.0,2.2,1.7,561,Ember latest year,,tier default range
Goro (Massif du Sud),New Caledonia,A: existing tailings,laterite_saprolite,reactor_aerated,FOAK,0.007760417683224809,0.0032940035233556047,0.013441145409328238,-0.03353037131416821,0.976,29107.312501475186,10775.88628632607,310167.4703462147,,21.8,2715,1.0,4.2,0.8,561,Ember latest year,,tier default range
Jeffrey Mine (Val-des-Sources),Canada,A: existing tailings,serp_partial,reactor_aerated,NOAK,0.0330165851303673,0.021401336707762814,0.047747269029345674,0.032925772734673564,0.0,877.5606407360935,525.6042637442044,1514.441200316092,,5.9,1248,1.0,5.8,1.0,1,Quebec (HydroQuebec): Arca TEA LCA sheet: HydroQuebec 0.0012 t/MWh,46.0,Quebec (HydroQuebec industrial): Arca TEA demo column
Black Lake pile (Thetford Mines),Canada,A: existing tailings,serp_lizardite,reactor_aerated,NOAK,0.022332906977193926,0.011056168612765345,0.036686156084305976,0.0222425335117004,0.0,1279.8123379690383,708.545855477439,2752.3075616329015,2.4566197674913317,5.0,1284,1.0,5.0,1.4,1,Quebec (HydroQuebec): Arca TEA LCA sheet: HydroQuebec 0.0012 t/MWh,46.0,Quebec (HydroQuebec industrial): Arca TEA demo column
Thetford Mines district (all piles),Canada,A: existing tailings,serp_lizardite,reactor_aerated,NOAK,0.021829548714178,0.010960515636814647,0.03660402635117502,0.021757976714422,0.0,1330.098660413801,720.3526334317392,2850.3590346886167,,4.2,1385,1.0,1.0,1.3,1,Quebec (HydroQuebec): Arca TEA LCA sheet: HydroQuebec 0.0012 t/MWh,46.0,Quebec (HydroQuebec industrial): Arca TEA demo column
Asbestos Hill (Purtuniq),Canada,A: existing tailings,serp_lizardite,reactor_aerated,NOAK,0.01917665074518552,0.009378592336111609,0.032999408630314433,-0.03544307722802682,0.9155,5172.800578015046,1943.8809607864137,36250.89792367157,,-10.3,760,1.0,2.0,916.8,750,Nunavik off-grid diesel: judgement: isolated diesel generation; no grid connection,,tier default range
Baie Verte (Advocate),Canada,A: existing tailings,serp_lizardite,reactor_aerated,NOAK,0.022026617452831965,0.0111946565707936,0.03593779994699467,0.007932590640690991,0.11850000000000005,2215.944097396708,971.2572842498678,9118.261457993216,1.0352510202831025,3.0,1382,1.0,1.5,0.9,191,Ember latest year,,tier default range
Cassiar,Canada,A: existing tailings,serp_lizardite,reactor_aerated,NOAK,0.020459949813179203,0.010092865434407954,0.034467121410292324,0.006314588238569581,0.18899999999999995,2736.0326566504073,1124.6507432397602,14036.19296364588,0.34781914682404647,-6.7,1180,1.0,7.5,11.7,191,Ember latest year,,tier default range
Clinton Creek,Canada,A: existing tailings,serp_lizardite,reactor_aerated,NOAK,0.021063138882832882,0.010764755685454418,0.035398866026069946,0.00717519050182148,0.15600000000000003,2510.0930416447222,1028.7019165201768,11239.449671712882,0.21063138882832882,-3.7,467,1.0,3.8,20.0,191,Ember latest year,,tier default range
New Idria,United States,A: existing tailings,serp_partial,reactor_aerated,NOAK,0.033163896991833614,0.020961659154132877,0.0480569413833842,0.019083414404589362,0.0020000000000000018,1179.493172318736,644.819102282422,2811.719968285228,,13.8,371,1.0,7.8,1.8,185,"California: WSP option analysis, Carbon Intensity.docx: ~0.15-0.22 kg/kWh",,tier default range
Atlas / Coalinga asbestos,United States,A: existing tailings,serp_partial,reactor_aerated,NOAK,0.033414302108298724,0.021202103569654136,0.048572205178212556,0.019575518007083306,0.0030000000000000027,1182.5391814163315,638.4817956147626,2775.568733631699,,12.3,386,1.0,9.0,6.2,185,"California: WSP option analysis, Carbon Intensity.docx: ~0.15-0.22 kg/kWh",,tier default range
Lowell / Belvidere (VAG),United States,A: existing tailings,serp_lizardite,reactor_aerated,NOAK,0.022364997483686536,0.01128258541272662,0.03651338855304343,0.00540264925933635,0.16300000000000003,2315.682798131753,1006.1152905845645,9399.345407544715,1.006424886765894,4.9,1749,1.0,6.8,3.8,230,Vermont / New England (ISO-NE): judgement placeholder: ISO-NE marginal ~0.2-0.3 kg/kWh; replace with eGRID NEWE,46.0,Quebec (HydroQuebec industrial): Arca TEA demo column
Woodsreef,Australia,A: existing tailings,serp_lizardite,reactor_aerated,NOAK,0.022380148720859055,0.011534134604249771,0.036680772924956556,-0.024763361527424935,0.7364999999999999,3563.1080654448206,1310.6356504535413,22559.755719381665,0.5595037180214764,16.5,644,1.0,0.8,0.7,650,New South Wales NEM: WSP: ~0.60-0.70,,tier default range
Mount Keith,Australia,A: existing tailings,serp_partial,reactor_aerated,NOAK,0.03345273944839891,0.021653847673422436,0.04796752767794626,-0.0030262447879182523,0.26249999999999996,2005.3899091551475,847.3495832625067,9685.75596880878,,21.7,284,1.0,1.0,1.2,500,Western Australia SWIS: WSP: ~0.45-0.55,,tier default range
Shabanie (Zvishavane),Zimbabwe,A: existing tailings,serp_lizardite,reactor_aerated,NOAK,0.02207566301666126,0.01135782122845103,0.036610275082395886,-0.014403422152485097,0.5820000000000001,3115.242380308703,1138.9864060820832,19556.375344337794,,21.2,578,1.0,0.5,3.6,500,Zimbabwe: WSP: ~0.45-0.55,,tier default range
Gaths (Mashava),Zimbabwe,A: existing tailings,serp_lizardite,reactor_aerated,NOAK,0.02131654704586987,0.010807716524322712,0.03643868871336387,-0.01455441479012213,0.5880000000000001,3235.217455625396,1189.5311778610737,16434.330639528638,3.0482662275593913,19.8,617,1.0,3.0,0.3,500,Zimbabwe: WSP: ~0.45-0.55,,tier default range
Havelock / Bulembu,Eswatini,A: existing tailings,serp_lizardite,reactor_aerated,NOAK,0.02221247121261235,0.011461806975276632,0.03645154425284116,0.012471550081897733,0.03400000000000003,1737.4197801374432,829.7253265193418,5146.236792275903,1.1106235606306174,15.4,1100,1.0,13.8,1.9,131,Ember latest year,,tier default range
Msauli,South Africa,A: existing tailings,serp_lizardite,reactor_aerated,NOAK,0.02195749174911961,0.011584886350299781,0.03558964336093168,-0.029166455347744487,0.794,3994.4038756407726,1400.772901153187,23530.154323785253,,14.4,1072,1.0,4.2,5.3,699,Ember latest year,,tier default range
Cana Brava (SAMA),Brazil,A: existing tailings,serp_lizardite,reactor_aerated,NOAK,0.02180980417367811,0.010727126895526504,0.03653130887664712,0.013995999853846176,0.015000000000000013,1607.2013132208742,797.2700974089063,5254.5953888138565,,26.5,1239,1.0,3.0,4.7,105,Brazil Centre-West (SIN): WSP: ~0.09-0.12,,tier default range
Bazhenovskoye (Uralasbest),Russia,A: existing tailings,serp_antigorite,reactor_aerated,NOAK,0.0044903855179667,0.0018090022829174847,0.008442455739825593,-0.02507665766778521,0.995,19146.43904437476,6525.806512507698,56631.04733828872,,2.7,525,1.0,6.2,1.1,410,Urals (Russia): WSP: ~0.37-0.45,,tier default range
Dzhetygara (Zhitikara),Kazakhstan,A: existing tailings,serp_lizardite,reactor_aerated,NOAK,0.022339249401583952,0.011688877010084217,0.03659275174529842,-0.007638192293319064,0.48150000000000004,3150.1172809703253,1190.8517807801325,17285.950022270517,,4.0,331,1.0,0.2,0.4,410,Urals (Russia): WSP: ~0.37-0.45,,tier default range
Balangero,Italy,A: existing tailings,serp_antigorite,reactor_aerated,NOAK,0.004633032136344204,0.0018536780346220974,0.008788613065436511,-0.015915828810320838,0.9685,18109.390631513525,5710.957226531856,63610.61771516885,,11.5,1006,1.0,7.5,0.7,285,Ember latest year,,tier default range
Amiantos,Cyprus,A: existing tailings,serp_lizardite,reactor_aerated,NOAK,0.022199745784417725,0.011025372015605174,0.036477999981478944,-0.007128680329731933,0.4385,2944.0021144622715,1143.9481022429834,15620.613935354442,,13.0,728,1.0,9.8,0.8,400,Turkey: WSP: ~0.38-0.42,,tier default range
Zidani,Greece,A: existing tailings,serp_lizardite,reactor_aerated,NOAK,0.022227446294647964,0.011269664003426534,0.03617061969262403,-0.001796019038131186,0.3055,2692.710249113027,1088.4783898406326,13384.930599941448,,12.4,516,1.0,2.5,0.7,324,Ember latest year,,tier default range
Diavik,Canada,A: existing tailings,kimberlite_tailings,reactor_aerated,NOAK,0.012662026268057108,0.006568257928299909,0.020995491243845997,-0.0012283589951818464,0.4355,5705.7579859795505,2119.1909336862486,30665.972274282714,,-9.6,428,1.0,0.5,265.6,191,Ember latest year,,tier default range
Dumont Nickel (Launay),Canada,B: greenfield / project,serp_partial,reactor_aerated,NOAK,0.03329433640765391,0.021403854416354437,0.04768463136779956,0.02968185419471425,0.0,1580.2708375480354,958.6611200966576,2740.3816928054507,,1.9,946,1.0,0.0,0.7,1,"Abitibi, Quebec (HydroQuebec): Arca TEA LCA sheet: HydroQuebec 0.0012 t/MWh",46.0,"Abitibi, Quebec: Arca TEA demo column"
Baptiste (Decar),Canada,B: greenfield / project,serp_partial,reactor_aerated,NOAK,0.03295840715859759,0.021574963599083532,0.04812870643297926,0.011624669283224776,0.03749999999999998,2735.305941610347,1309.9254640190547,8714.183876927997,,3.6,579,1.0,0.8,45.9,191,Ember latest year,,tier default range
Coral Bay region (WSP polygon 143),Australia,B: greenfield / project,dunite_fresh,reactor_aerated,NOAK,0.0022037687647744387,0.0008353557546538847,0.004374482977866624,-0.047494161843244696,1.0,,,,,23.5,235,1.0,0.2,0.8,500,Western Australia SWIS: WSP: ~0.45-0.55,,tier default range
Turkey polygon 22 (WSP),Turkey,B: greenfield / project,serp_lizardite,reactor_aerated,NOAK,0.022063523591090234,0.011602786747912978,0.0364437155021043,-0.01796647212061363,0.6945,6572.508275520287,2385.1170003533457,39022.71174374172,,10.5,601,1.0,0.0,0.7,400,Turkey: WSP: ~0.38-0.42,,tier default range
Niquelândia complex,Brazil,A: existing tailings,dunite_fresh,reactor_aerated,NOAK,0.0022844898177316734,0.0008392572702283401,0.004335888693464413,-0.0053354762087712716,0.892,29723.32296242539,11575.380696789975,169230.47462368815,,24.9,1477,1.0,2.2,0.8,105,Brazil Centre-West (SIN): WSP: ~0.09-0.12,,tier default range
Barro Alto,Brazil,A: existing tailings,laterite_saprolite,reactor_aerated,NOAK,0.007532938261818774,0.003129912770975961,0.013455815276412961,-0.00022385010407308028,0.2915,6719.714130241202,2496.3969745426566,31203.401123946245,,25.1,1494,1.0,0.5,1.7,105,Brazil Centre-West (SIN): WSP: ~0.09-0.12,,tier default range
Koniambo,New Caledonia,A: existing tailings,laterite_saprolite,reactor_aerated,NOAK,0.007614997738987885,0.0034282378563346054,0.013466456284600444,-0.03314833188803358,0.9815,18604.736060859886,5294.025214709345,95240.032522933,,19.9,1827,1.0,9.0,5.6,561,Ember latest year,,tier default range
Tiébaghi,New Caledonia,A: existing tailings,laterite_saprolite,reactor_aerated,NOAK,0.007645525023636493,0.0035083752744786982,0.013521264980277918,-0.03297667228380251,0.985,8913.240369158953,3703.3849634990015,23578.854177537127,,21.4,1356,1.0,2.2,1.7,561,Ember latest year,,tier default range
Goro (Massif du Sud),New Caledonia,A: existing tailings,laterite_saprolite,reactor_aerated,NOAK,0.0077763608003122014,0.00331991869758728,0.01339914695166443,-0.03301898884845508,0.9855,14735.24133666048,3577.8903858189806,93329.93883821365,,21.8,2715,1.0,4.2,0.8,561,Ember latest year,,tier default range
Jeffrey Mine (Val-des-Sources),Canada,A: existing tailings,serp_partial,reactor_activated,FOAK,0.2734722948121613,0.25463619312017177,0.29202439536681296,0.2731221698671952,0.0,428.3190019587175,408.3856015600271,450.8300267606854,,5.9,1248,1.0,5.8,1.0,1,Quebec (HydroQuebec): Arca TEA LCA sheet: HydroQuebec 0.0012 t/MWh,46.0,Quebec (HydroQuebec industrial): Arca TEA demo column
Black Lake pile (Thetford Mines),Canada,A: existing tailings,serp_lizardite,reactor_activated,FOAK,0.2734555451960602,0.2546361930921938,0.291980512747324,0.27311790357474225,0.0,428.9014836151156,408.8533298042008,451.7201520638474,30.08010997156662,5.0,1284,1.0,5.0,1.4,1,Quebec (HydroQuebec): Arca TEA LCA sheet: HydroQuebec 0.0012 t/MWh,46.0,Quebec (HydroQuebec industrial): Arca TEA demo column
Thetford Mines district (all piles),Canada,A: existing tailings,serp_lizardite,reactor_activated,FOAK,0.2734008416426662,0.2546361930101928,0.2919743352484061,0.2730910498779493,0.0,429.60860564626756,409.28569232531123,452.6917488246681,,4.2,1385,1.0,1.0,1.3,1,Quebec (HydroQuebec): Arca TEA LCA sheet: HydroQuebec 0.0012 t/MWh,46.0,Quebec (HydroQuebec industrial): Arca TEA demo column
Asbestos Hill (Purtuniq),Canada,A: existing tailings,serp_lizardite,reactor_activated,FOAK,0.2709210129838195,0.2517103857983219,0.29074155028814813,0.076096373410719,0.0040000000000000036,1024.507210162928,725.3228961136043,1806.955602057369,,-10.3,760,1.0,2.0,916.8,750,Nunavik off-grid diesel: judgement: isolated diesel generation; no grid connection,,tier default range
Baie Verte (Advocate),Canada,A: existing tailings,serp_lizardite,reactor_activated,FOAK,0.273329173761227,0.2545986345670275,0.29195578362965424,0.2237434675060039,0.0,525.1867877027112,474.8885551165903,590.5057059954889,12.84647116677767,3.0,1382,1.0,1.5,0.9,191,Ember latest year,,tier default range
Cassiar,Canada,A: existing tailings,serp_lizardite,reactor_activated,FOAK,0.2726214996361459,0.25334597882801047,0.2913379153632259,0.22251346014173504,0.0,547.7464575974934,490.2625690282352,627.9206040932036,4.63456549381448,-6.7,1180,1.0,7.5,11.7,191,Ember latest year,,tier default range
Clinton Creek,Canada,A: existing tailings,serp_lizardite,reactor_activated,FOAK,0.2730488334896348,0.2540993212884204,0.29177139444899086,0.2230382841470676,0.0,538.4636974341701,483.8093580886717,610.9656727052142,2.7304883348963482,-3.7,467,1.0,3.8,20.0,191,Ember latest year,,tier default range
New Idria,United States,A: existing tailings,serp_partial,reactor_activated,FOAK,0.2735156731078997,0.25471516817722845,0.2920243953760977,0.2256738087029354,0.0,514.4809126805624,466.1239060008002,577.3190865642883,,13.8,371,1.0,7.8,1.8,185,"California: WSP option analysis, Carbon Intensity.docx: ~0.15-0.22 kg/kWh",,tier default range
Atlas / Coalinga asbestos,United States,A: existing tailings,serp_partial,reactor_activated,FOAK,0.27351554025460245,0.2547149197488634,0.2920243953760977,0.22567380870293363,0.0,515.1243096884505,466.74747456353236,578.5383377989465,,12.3,386,1.0,9.0,6.2,185,"California: WSP option analysis, Carbon Intensity.docx: ~0.15-0.22 kg/kWh",,tier default range
Lowell / Belvidere (VAG),United States,A: existing tailings,serp_lizardite,reactor_activated,FOAK,0.27345314102178564,0.2546361930862266,0.2919799345686665,0.21408233456909587,0.0,501.8663622746683,461.53898184951873,552.0581247859852,12.305391345980354,4.9,1749,1.0,6.8,3.8,230,Vermont / New England (ISO-NE): judgement placeholder: ISO-NE marginal ~0.2-0.3 kg/kWh; replace with eGRID NEWE,46.0,Quebec (HydroQuebec industrial): Arca TEA demo column
Woodsreef,Australia,A: existing tailings,serp_lizardite,reactor_activated,FOAK,0.273515711349296,0.25471523986252415,0.2920243953760977,0.10526005706461752,0.0,765.6305140810468,604.4801817301525,1035.6105396782214,6.837892783732399,16.5,644,1.0,0.8,0.7,650,New South Wales NEM: WSP: ~0.60-0.70,,tier default range
Mount Keith,Australia,A: existing tailings,serp_partial,reactor_activated,FOAK,0.2735157133889339,0.25471524335178003,0.2920243953760977,0.1441642016306274,0.0,657.4846669725821,551.0156542773683,815.9872255591397,,21.7,284,1.0,1.0,1.2,500,Western Australia SWIS: WSP: ~0.45-0.55,,tier default range
Shabanie (Zvishavane),Zimbabwe,A: existing tailings,serp_lizardite,reactor_activated,FOAK,0.27351571338720504,0.2547152433498965,0.2920243953760977,0.14414259004823302,0.0,656.892122771171,551.2091398185341,815.3504317207917,,21.2,578,1.0,0.5,3.6,500,Zimbabwe: WSP: ~0.45-0.55,,tier default range
Gaths (Mashava),Zimbabwe,A: existing tailings,serp_lizardite,reactor_activated,FOAK,0.2735157133642212,0.25471524332015366,0.2920243953760977,0.14414259004823302,0.0,657.7913269271672,551.5400368762084,815.8756242527415,39.112747011083634,19.8,617,1.0,3.0,0.3,500,Zimbabwe: WSP: ~0.45-0.55,,tier default range
Havelock / Bulembu,Eswatini,A: existing tailings,serp_lizardite,reactor_activated,FOAK,0.27351570609561987,0.25471523023306,0.2920243953760977,0.23927459930597877,0.0,495.3963957240438,454.101268223444,548.8397369837621,13.675785304780993,15.4,1100,1.0,13.8,1.9,131,Ember latest year,,tier default range
Msauli,South Africa,A: existing tailings,serp_lizardite,reactor_activated,FOAK,0.27351569175385515,0.25471520334460135,0.2920243953760977,0.09319447387385718,0.0,808.0843507010725,623.2075962668689,1147.0509911796753,,14.4,1072,1.0,4.2,5.3,699,Ember latest year,,tier default range
Cana Brava (SAMA),Brazil,A: existing tailings,serp_lizardite,reactor_activated,FOAK,0.2735157133903474,0.2547152433530919,0.2920243953760977,0.2461247241269957,0.0,484.08395439680254,445.6488668310379,534.0689391241991,,26.5,1239,1.0,3.0,4.7,105,Brazil Centre-West (SIN): WSP: ~0.09-0.12,,tier default range
Bazhenovskoye (Uralasbest),Russia,A: existing tailings,serp_antigorite,reactor_activated,FOAK,0.27332917186325856,0.25459863213966877,0.2919442490034901,0.16700846664552427,0.0,625.9328105395648,534.4606875027439,754.0260970824887,,2.7,525,1.0,6.2,1.1,410,Urals (Russia): WSP: ~0.37-0.45,,tier default range
Dzhetygara (Zhitikara),Kazakhstan,A: existing tailings,serp_lizardite,reactor_activated,FOAK,0.27337899756541506,0.2546361929712292,0.29197210784317484,0.16818896967125907,0.0,621.5864737499573,534.7799760417122,748.7752244036903,,4.0,331,1.0,0.2,0.4,410,Urals (Russia): WSP: ~0.37-0.45,,tier default range
Balangero,Italy,A: existing tailings,serp_antigorite,reactor_activated,FOAK,0.2735153560475492,0.25471458227673693,0.29202439537609765,0.19938565196861002,0.0,555.084515677636,491.82405565906487,637.6203189165009,,11.5,1006,1.0,7.5,0.7,285,Ember latest year,,tier default range
Amiantos,Cyprus,A: existing tailings,serp_lizardite,reactor_activated,FOAK,0.27351562425208265,0.25471507626570467,0.2920243953760977,0.16964086935832473,0.0,608.0058257848589,524.4463157177887,724.6720619984529,,13.0,728,1.0,9.8,0.8,400,Turkey: WSP: ~0.38-0.42,,tier default range
Zidani,Greece,A: existing tailings,serp_lizardite,reactor_activated,FOAK,0.2735155556472122,0.25471494829039293,0.2920243953760977,0.18947055508274796,0.0,570.6171389033234,505.46523029179383,662.1439546866069,,12.4,516,1.0,2.5,0.7,324,Ember latest year,,tier default range
Diavik,Canada,A: existing tailings,kimberlite_tailings,reactor_activated,FOAK,0.2713085185242957,0.25213232720954426,0.2909413324715955,0.22130640088645176,0.0,560.4525445963397,496.92892038283867,654.84427096462,,-9.6,428,1.0,0.5,265.6,191,Ember latest year,,tier default range
Dumont Nickel (Launay),Canada,B: greenfield / project,serp_partial,reactor_activated,FOAK,0.2732489090088214,0.25451076005941675,0.29192943199539345,0.2692767246313048,0.0,498.00760760686086,463.8109952955572,537.9950922058619,,1.9,946,1.0,0.0,0.7,1,"Abitibi, Quebec (HydroQuebec): Arca TEA LCA sheet: HydroQuebec 0.0012 t/MWh",46.0,"Abitibi, Quebec: Arca TEA demo column"
Baptiste (Decar),Canada,B: greenfield / project,serp_partial,reactor_activated,FOAK,0.27334608713320985,0.2546361928533719,0.29196654291107865,0.2163059801111193,0.0,616.4114876173749,548.6509051819112,696.1211542873624,,3.6,579,1.0,0.8,45.9,191,Ember latest year,,tier default range
Coral Bay region (WSP polygon 143),Australia,B: greenfield / project,dunite_fresh,reactor_activated,FOAK,0.27351571339028213,0.2547152433530513,0.2920243953760977,0.130599453117701,0.0,787.222928840139,653.7303508991466,985.5190148913852,,23.5,235,1.0,0.2,0.8,500,Western Australia SWIS: WSP: ~0.45-0.55,,tier default range
Turkey polygon 22 (WSP),Turkey,B: greenfield / project,serp_lizardite,reactor_activated,FOAK,0.27351487157465393,0.2547137201940844,0.292024395376097,0.15904430894231839,0.0,719.9937651831151,617.0002769075692,860.2182864827087,,10.5,601,1.0,0.0,0.7,400,Turkey: WSP: ~0.38-0.42,,tier default range
Niquelândia complex,Brazil,A: existing tailings,dunite_fresh,reactor_activated,FOAK,0.27351571339034286,0.25471524335309,0.2920243953760977,0.2461247241269957,0.0,484.1077684762936,445.81207796143474,534.1608948890022,,24.9,1477,1.0,2.2,0.8,105,Brazil Centre-West (SIN): WSP: ~0.09-0.12,,tier default range
Barro Alto,Brazil,A: existing tailings,laterite_saprolite,reactor_activated,FOAK,0.2735157133903444,0.2547152433530907,0.2920243953760977,0.2461247241269957,0.0,484.1064406106191,445.7830320236373,534.1428249681617,,25.1,1494,1.0,0.5,1.7,105,Brazil Centre-West (SIN): WSP: ~0.09-0.12,,tier default range
Koniambo,New Caledonia,A: existing tailings,laterite_saprolite,reactor_activated,FOAK,0.27351571336776254,0.25471524332499906,0.2920243953760977,0.1286703140831824,0.0,694.887278528476,570.7845089125407,893.8768818575767,,19.9,1827,1.0,9.0,5.6,561,Ember latest year,,tier default range
Tiébaghi,New Caledonia,A: existing tailings,laterite_saprolite,reactor_activated,FOAK,0.27351571338805825,0.2547152433508455,0.2920243953760977,0.1286703140831824,0.0,694.1557381558895,570.123000237667,892.430174992962,,21.4,1356,1.0,2.2,1.7,561,Ember latest year,,tier default range
Goro (Massif du Sud),New Caledonia,A: existing tailings,laterite_saprolite,reactor_activated,FOAK,0.27351571338914593,0.25471524335199813,0.2920243953760977,0.1286703140831824,0.0,694.0201668329614,570.1144697067426,891.7666162432183,,21.8,2715,1.0,4.2,0.8,561,Ember latest year,,tier default range
Jeffrey Mine (Val-des-Sources),Canada,A: existing tailings,serp_partial,reactor_activated,NOAK,0.2725364482279745,0.25486959392135633,0.29149639883804185,0.2723054731541717,0.0,112.36225313472636,99.52928804116156,125.43066661055677,,5.9,1248,1.0,5.8,1.0,1,Quebec (HydroQuebec): Arca TEA LCA sheet: HydroQuebec 0.0012 t/MWh,46.0,Quebec (HydroQuebec industrial): Arca TEA demo column
Black Lake pile (Thetford Mines),Canada,A: existing tailings,serp_lizardite,reactor_activated,NOAK,0.2725364482275312,0.2548695938662182,0.2914963988366466,0.2723054721909657,0.0,112.60211229286949,99.68628104194607,125.6870285156762,29.979009305028434,5.0,1284,1.0,5.0,1.4,1,Quebec (HydroQuebec): Arca TEA LCA sheet: HydroQuebec 0.0012 t/MWh,46.0,Quebec (HydroQuebec industrial): Arca TEA demo column
Thetford Mines district (all piles),Canada,A: existing tailings,serp_lizardite,reactor_activated,NOAK,0.2725364482256209,0.2548695936986869,0.2914963988307029,0.2723054691731405,0.0,112.76497608315434,99.83742992470064,125.92026979324223,,4.2,1385,1.0,1.0,1.3,1,Quebec (HydroQuebec): Arca TEA LCA sheet: HydroQuebec 0.0012 t/MWh,46.0,Quebec (HydroQuebec industrial): Arca TEA demo column
Asbestos Hill (Purtuniq),Canada,A: existing tailings,serp_lizardite,reactor_activated,NOAK,0.27017579818684734,0.25163916662290586,0.29026234009614904,0.11777332590361946,0.0,204.76134664765672,170.21252498324935,264.3695675510683,,-10.3,760,1.0,2.0,916.8,750,Nunavik off-grid diesel: judgement: isolated diesel generation; no grid connection,,tier default range
Baie Verte (Advocate),Canada,A: existing tailings,serp_lizardite,reactor_activated,NOAK,0.2725082164165824,0.25486959265645515,0.2914963987745445,0.23392728104698823,0.0,127.93375986025467,112.32300422955797,144.00562776474936,12.807886171579373,3.0,1382,1.0,1.5,0.9,191,Ember latest year,,tier default range
Cassiar,Canada,A: existing tailings,serp_lizardite,reactor_activated,NOAK,0.2716741113547179,0.25364914412610295,0.2910364989602308,0.23289468532020588,0.0,132.83317918964786,115.95842887605914,152.45408674440077,4.618459893030205,-6.7,1180,1.0,7.5,11.7,191,Ember latest year,,tier default range
Clinton Creek,Canada,A: existing tailings,serp_lizardite,reactor_activated,NOAK,0.2722016653450783,0.25443883058792327,0.2913827757098989,0.23348275621855585,0.0,130.9603529122669,114.49509922983232,148.61239365479332,2.722016653450783,-3.7,467,1.0,3.8,20.0,191,Ember latest year,,tier default range
New Idria,United States,A: existing tailings,serp_partial,reactor_activated,NOAK,0.2726175030324753,0.254890666972343,0.29149639883831485,0.2353202089601074,0.0,125.92009495621495,110.4854829638316,140.949948661749,,13.8,371,1.0,7.8,1.8,185,"California: WSP option analysis, Carbon Intensity.docx: ~0.15-0.22 kg/kWh",,tier default range
Atlas / Coalinga asbestos,United States,A: existing tailings,serp_partial,reactor_activated,NOAK,0.2726175030324753,0.254890666972343,0.29149639883831485,0.23532020896010675,0.0,126.06507532351338,110.67369349190234,141.19241059870092,,12.3,386,1.0,9.0,6.2,185,"California: WSP option analysis, Carbon Intensity.docx: ~0.15-0.22 kg/kWh",,tier default range
Lowell / Belvidere (VAG),United States,A: existing tailings,serp_lizardite,reactor_activated,NOAK,0.27253644822741696,0.2548695938542045,0.29149639883628875,0.2261949427578136,0.0,127.22306828181152,112.25175755083028,142.35061089746566,12.264140170233762,4.9,1749,1.0,6.8,3.8,230,Vermont / New England (ISO-NE): judgement placeholder: ISO-NE marginal ~0.2-0.3 kg/kWh; replace with eGRID NEWE,46.0,Quebec (HydroQuebec industrial): Arca TEA demo column
Woodsreef,Australia,A: existing tailings,serp_lizardite,reactor_activated,NOAK,0.2726175030324753,0.254890666972343,0.29149639883831485,0.14075621108401887,0.0,166.90321296488145,145.29768013704933,190.36869636478636,6.815437575811882,16.5,644,1.0,0.8,0.7,650,New South Wales NEM: WSP: ~0.60-0.70,,tier default range
Mount Keith,Australia,A: existing tailings,serp_partial,reactor_activated,NOAK,0.2726175030324753,0.254890666972343,0.29149639883831485,0.17150964578526356,0.0,150.36532876026723,131.9575835855673,169.83365052288946,,21.7,284,1.0,1.0,1.2,500,Western Australia SWIS: WSP: ~0.45-0.55,,tier default range
Shabanie (Zvishavane),Zimbabwe,A: existing tailings,serp_lizardite,reactor_activated,NOAK,0.2726175030324753,0.254890666972343,0.29149639883831485,0.17103108103500858,0.0,150.05333304194028,131.74012038203017,170.710896544644,,21.2,578,1.0,0.5,3.6,500,Zimbabwe: WSP: ~0.45-0.55,,tier default range
Gaths (Mashava),Zimbabwe,A: existing tailings,serp_lizardite,reactor_activated,NOAK,0.2726175030324753,0.254890666972343,0.29149639883831485,0.17103108103500858,0.0,150.09298706621246,131.78672304760326,170.85781228028316,38.98430293364397,19.8,617,1.0,3.0,0.3,500,Zimbabwe: WSP: ~0.45-0.55,,tier default range
Havelock / Bulembu,Eswatini,A: existing tailings,serp_lizardite,reactor_activated,NOAK,0.2726175030324753,0.254890666972343,0.29149639883831485,0.24570688031712373,0.0,121.72226109926596,107.36960996863131,136.56940684977164,13.630875151623764,15.4,1100,1.0,13.8,1.9,131,Ember latest year,,tier default range
Msauli,South Africa,A: existing tailings,serp_lizardite,reactor_activated,NOAK,0.2726175030324753,0.254890666972343,0.29149639883831485,0.13091130131849527,0.0,173.2838015103687,150.21670205508053,199.35946340154487,,14.4,1072,1.0,4.2,5.3,699,Ember latest year,,tier default range
Cana Brava (SAMA),Brazil,A: existing tailings,serp_lizardite,reactor_activated,NOAK,0.2726175030324753,0.254890666972343,0.29149639883831485,0.25144146838699166,0.0,119.75949132056309,105.19860644257768,133.93634342019575,,26.5,1239,1.0,3.0,4.7,105,Brazil Centre-West (SIN): WSP: ~0.09-0.12,,tier default range
Bazhenovskoye (Uralasbest),Russia,A: existing tailings,serp_antigorite,reactor_activated,NOAK,0.2725081811544452,0.25486959203013604,0.2914963987327189,0.18955152205467501,0.0,146.25421999065475,126.95849557457049,165.78931779765458,,2.7,525,1.0,6.2,1.1,410,Urals (Russia): WSP: ~0.37-0.45,,tier default range
Dzhetygara (Zhitikara),Kazakhstan,A: existing tailings,serp_lizardite,reactor_activated,NOAK,0.2725364482245309,0.2548695936182481,0.291496398827332,0.18901516657571246,0.0,145.4194993434278,127.1906002891113,164.2136459178133,,4.0,331,1.0,0.2,0.4,410,Urals (Russia): WSP: ~0.37-0.45,,tier default range
Balangero,Italy,A: existing tailings,serp_antigorite,reactor_activated,NOAK,0.27261607901269275,0.254890666972343,0.29149639883831485,0.2149981623004817,0.0,132.98062092070455,116.98040033276575,149.71763607925126,,11.5,1006,1.0,7.5,0.7,285,Ember latest year,,tier default range
Amiantos,Cyprus,A: existing tailings,serp_lizardite,reactor_activated,NOAK,0.2726175030324753,0.254890666972343,0.29149639883831485,0.19119103481834915,0.0,141.97074519572055,124.15761917100635,159.80442451610423,,13.0,728,1.0,9.8,0.8,400,Turkey: WSP: ~0.38-0.42,,tier default range
Zidani,Greece,A: existing tailings,serp_lizardite,reactor_activated,NOAK,0.2726175030324753,0.254890666972343,0.29149639883831485,0.20723160006154845,0.0,135.85855783199494,118.9221339923698,152.93623875951005,,12.4,516,1.0,2.5,0.7,324,Ember latest year,,tier default range
Diavik,Canada,A: existing tailings,kimberlite_tailings,reactor_activated,NOAK,0.27052358920741804,0.2520691537183489,0.2904797668983129,0.23199909100595695,0.0,135.46172008114394,117.3794834740067,157.35589263387303,,-9.6,428,1.0,0.5,265.6,191,Ember latest year,,tier default range
Dumont Nickel (Launay),Canada,B: greenfield / project,serp_partial,reactor_activated,NOAK,0.27250801252072254,0.25486958863571163,0.2914963984530072,0.2688032677407298,0.0,174.1747476047056,146.36884745862088,210.1809753852043,,1.9,946,1.0,0.0,0.7,1,"Abitibi, Quebec (HydroQuebec): Arca TEA LCA sheet: HydroQuebec 0.0012 t/MWh",46.0,"Abitibi, Quebec: Arca TEA demo column"
Baptiste (Decar),Canada,B: greenfield / project,serp_partial,reactor_activated,NOAK,0.2725298418185308,0.2548695933742195,0.29149639881579137,0.22676245516495383,0.0,201.91674430701153,168.73233809206428,242.73699676797233,,3.6,579,1.0,0.8,45.9,191,Ember latest year,,tier default range
Coral Bay region (WSP polygon 143),Australia,B: greenfield / project,dunite_fresh,reactor_activated,NOAK,0.2726175030324753,0.254890666972343,0.29149639883831485,0.1583515138860364,0.0,237.22397322092948,197.08234342557031,288.3817580857053,,23.5,235,1.0,0.2,0.8,500,Western Australia SWIS: WSP: ~0.45-0.55,,tier default range
Turkey polygon 22 (WSP),Turkey,B: greenfield / project,serp_lizardite,reactor_activated,NOAK,0.27256904711607133,0.254890666972343,0.29149639883831485,0.1802117446811705,0.0,223.4150177935371,186.36456157001746,269.05141902793065,,10.5,601,1.0,0.0,0.7,400,Turkey: WSP: ~0.38-0.42,,tier default range
Niquelândia complex,Brazil,A: existing tailings,dunite_fresh,reactor_activated,NOAK,0.2726175030324753,0.254890666972343,0.29149639883831485,0.25144146838699166,0.0,119.77177832649062,105.19958553374553,133.9627113455624,,24.9,1477,1.0,2.2,0.8,105,Brazil Centre-West (SIN): WSP: ~0.09-0.12,,tier default range
Barro Alto,Brazil,A: existing tailings,laterite_saprolite,reactor_activated,NOAK,0.2726175030324753,0.254890666972343,0.29149639883831485,0.25144146838699166,0.0,119.7651923576635,105.19942151855814,133.96046281054166,,25.1,1494,1.0,0.5,1.7,105,Brazil Centre-West (SIN): WSP: ~0.09-0.12,,tier default range
Koniambo,New Caledonia,A: existing tailings,laterite_saprolite,reactor_activated,NOAK,0.2726175030324753,0.254890666972343,0.29149639883831485,0.15899168939667957,0.0,156.8796413080455,136.34719575428934,176.70327414766672,,19.9,1827,1.0,9.0,5.6,561,Ember latest year,,tier default range
Tiébaghi,New Caledonia,A: existing tailings,laterite_saprolite,reactor_activated,NOAK,0.2726175030324753,0.254890666972343,0.29149639883831485,0.15899168939667957,0.0,156.76465884800047,136.28035342250743,176.60529361097528,,21.4,1356,1.0,2.2,1.7,561,Ember latest year,,tier default range
Goro (Massif du Sud),New Caledonia,A: existing tailings,laterite_saprolite,reactor_activated,NOAK,0.2726175030324753,0.254890666972343,0.29149639883831485,0.15899168939667957,0.0,156.7377065621003,136.2732008277997,176.55307305660537,,21.8,2715,1.0,4.2,0.8,561,Ember latest year,,tier default range
