z,x,y,source_id,n_features
5,0,0,2,2
5,0,1,2,5
5,0,2,2,6
5,0,3,2,11
5,0,4,2,10
5,0,5,2,5
5,0,6,2,30
5,0,7,2,171
5,0,8,2,320
5,0,9,7,51
5,0,9,2,11
5,0,10,7,126
5,0,11,7,1
5,0,17,154,14
5,0,20,154,3
5,1,0,2,4
5,1,1,2,8
5,1,2,2,6
5,1,3,2,3
5,1,4,2,9
5,1,5,2,10
5,1,6,2,14
5,1,7,2,286
5,1,8,2,344
5,1,9,7,161
5,1,9,2,133
5,1,10,7,200
5,1,11,7,45
5,1,13,154,4
5,1,14,154,3
5,1,15,154,2
5,1,17,154,1
5,1,27,154,2
5,1,28,154,1
5,2,0,2,6
5,2,1,2,10
5,2,2,2,6
5,2,3,2,4
5,2,4,2,9
5,2,5,2,7
5,2,6,2,11
5,2,7,2,553
5,2,8,2,787
5,2,9,7,256
5,2,9,2,291
5,2,10,7,50
5,2,11,7,62
5,2,12,7,19
5,2,13,7,2
5,2,14,154,5
5,2,15,154,1
5,2,16,154,2
5,2,17,154,3
5,2,26,154,2
5,2,27,154,3
5,2,28,154,1
5,2,29,154,1
5,2,30,154,1
5,2,31,154,1
5,3,0,2,3
5,3,1,2,6
5,3,2,2,4
5,3,3,2,2
5,3,4,2,2
5,3,5,2,2
5,3,6,2,5
5,3,7,2,501
5,3,8,2,1007
5,3,9,7,282
5,3,9,2,388
5,3,10,7,84
5,3,11,7,70
5,3,12,7,70
5,3,13,7,109
5,3,14,7,3
5,3,16,154,4
5,3,17,154,1
5,3,26,154,4
5,3,27,154,2
5,3,28,154,1
5,3,29,154,1
5,3,30,154,1
5,3,31,154,1
5,4,0,2,2
5,4,1,2,3
5,4,2,2,2
5,4,3,2,7
5,4,4,2,5
5,4,5,2,6
5,4,6,2,21
5,4,7,2,120
5,4,8,2,657
5,4,9,7,694
5,4,9,2,373
5,4,10,7,1245
5,4,11,7,515
5,4,12,7,158
5,4,13,7,158
5,4,14,7,11
5,4,18,154,1
5,4,25,154,1
5,4,26,154,4
5,4,27,154,2
5,4,28,154,1
5,4,29,154,1
5,4,30,154,1
5,4,31,154,1
5,5,0,2,2
5,5,1,2,2
5,5,2,2,2
5,5,3,2,6
5,5,4,2,34
5,5,5,2,200
5,5,6,2,111
5,5,7,2,229
5,5,8,2,508
5,5,9,2,44
5,5,9,7,71
5,5,10,7,982
5,5,11,7,1309
5,5,12,7,1742
5,5,13,7,517
5,5,14,7,141
5,5,15,7,39
5,5,25,154,2
5,5,26,154,4
5,5,27,154,2
5,5,28,154,1
5,5,29,154,1
5,5,30,154,1
5,5,31,154,1
5,6,0,2,2
5,6,1,2,3
5,6,2,2,4
5,6,3,2,7
5,6,4,2,107
5,6,5,2,245
5,6,6,2,87
5,6,7,2,432
5,6,8,2,724
5,6,9,7,256
5,6,9,2,248
5,6,10,7,165
5,6,11,7,790
5,6,12,7,1083
5,6,13,7,1454
5,6,14,7,294
5,6,15,7,33
5,6,18,154,1
5,6,25,154,3
5,6,26,154,3
5,6,27,154,2
5,6,28,154,1
5,6,29,154,1
5,6,30,154,1
5,6,31,154,1
5,7,0,2,3
5,7,1,2,4
5,7,2,2,52
5,7,3,2,246
5,7,4,2,243
5,7,5,2,412
5,7,6,2,156
5,7,7,2,337
5,7,8,2,921
5,7,9,7,172
5,7,9,2,277
5,7,10,7,473
5,7,11,7,315
5,7,12,7,289
5,7,13,7,632
5,7,14,7,866
5,7,15,7,51
5,7,15,154,3
5,7,16,154,5
5,7,25,154,5
5,7,26,154,3
5,7,27,154,1
5,7,28,154,1
5,7,29,154,1
5,7,30,154,1
5,7,31,154,1
5,8,0,2,3
5,8,1,2,35
5,8,2,2,280
5,8,3,2,407
5,8,4,2,521
5,8,5,2,354
5,8,6,2,366
5,8,7,2,370
5,8,8,2,180
5,8,9,7,89
5,8,9,2,17
5,8,10,7,411
5,8,11,7,713
5,8,12,7,542
5,8,13,7,336
5,8,14,7,769
5,8,15,154,3
5,8,15,7,257
5,8,16,154,22
5,8,19,154,1
5,8,25,154,1
5,8,26,154,1
5,8,27,154,2
5,8,28,154,2
5,8,29,154,1
5,8,30,154,2
5,8,31,154,2
5,9,0,2,6
5,9,1,2,112
5,9,2,2,262
5,9,3,2,219
5,9,4,2,202
5,9,5,2,49
5,9,6,2,317
5,9,7,2,626
5,9,8,2,553
5,9,9,2,122
5,9,9,7,205
5,9,10,7,343
5,9,11,7,1124
5,9,12,7,404
5,9,13,7,303
5,9,14,7,837
5,9,15,7,351
5,9,15,154,40
5,9,16,154,43
5,9,17,154,83
5,9,18,154,53
5,9,19,154,51
5,9,20,154,108
5,9,21,154,140
5,9,22,154,1
5,9,24,154,8
5,9,25,154,4
5,9,26,154,1
5,9,27,154,2
5,9,28,154,3
5,9,29,154,2
5,9,30,154,3
5,9,31,154,2
5,10,0,2,4
5,10,1,2,32
5,10,2,2,127
5,10,3,2,54
5,10,4,2,44
5,10,5,2,126
5,10,6,2,31
5,10,7,2,195
5,10,8,2,302
5,10,9,7,272
5,10,9,2,32
5,10,10,7,656
5,10,11,7,675
5,10,12,7,268
5,10,13,7,1088
5,10,14,7,668
5,10,15,7,337
5,10,15,154,33
5,10,16,154,60
5,10,17,154,74
5,10,18,154,36
5,10,19,154,24
5,10,20,154,14
5,10,21,154,18
5,10,22,154,3
5,10,23,154,20
5,10,24,154,3
5,10,25,154,1
5,10,26,154,1
5,10,27,154,1
5,10,28,154,1
5,10,29,154,2
5,10,30,154,2
5,10,31,154,1
5,11,0,2,5
5,11,1,2,18
5,11,2,2,84
5,11,3,2,1
5,11,4,2,1
5,11,5,2,12
5,11,6,2,210
5,11,7,2,281
5,11,7,154,1
5,11,7,147,1
5,11,8,2,321
5,11,8,154,1
5,11,9,7,33
5,11,9,2,160
5,11,10,7,254
5,11,11,7,285
5,11,12,7,248
5,11,13,7,280
5,11,15,154,18
5,11,16,154,88
5,11,17,154,76
5,11,18,154,44
5,11,19,154,8
5,11,22,154,4
5,11,23,154,3
5,11,27,154,1
5,11,28,154,1
5,11,29,154,1
5,11,30,154,1
5,11,31,154,1
5,12,0,2,4
5,12,1,2,78
5,12,2,2,82
5,12,3,2,1
5,12,4,2,1
5,12,5,2,1
5,12,6,2,1
5,12,7,2,125
5,12,8,2,353
5,12,9,7,224
5,12,9,2,166
5,12,10,7,215
5,12,11,7,66
5,12,11,147,1
5,12,12,7,1
5,12,16,154,66
5,12,17,154,53
5,12,18,154,10
5,12,21,154,2
5,12,22,154,1
5,12,27,154,2
5,12,28,154,3
5,12,29,154,2
5,12,30,154,1
5,12,31,154,1
5,13,0,2,3
5,13,1,2,55
5,13,2,2,83
5,13,3,2,26
5,13,4,2,37
5,13,5,2,139
5,13,6,2,517
5,13,7,2,407
5,13,8,2,133
5,13,9,7,189
5,13,9,2,94
5,13,10,7,426
5,13,10,147,2
5,13,11,147,18
5,13,11,7,51
5,13,12,147,34
5,13,13,147,2
5,13,14,154,7
5,13,22,154,7
5,13,26,154,2
5,13,27,154,2
5,13,28,154,4
5,13,29,154,1
5,13,30,154,1
5,13,31,154,1
5,14,0,2,8
5,14,1,2,21
5,14,2,2,73
5,14,3,2,90
5,14,4,2,87
5,14,5,2,159
5,14,6,2,119
5,14,7,2,39
5,14,8,2,219
5,14,9,7,92
5,14,9,2,33
5,14,10,147,4
5,14,10,7,142
5,14,11,147,10
5,14,12,147,14
5,14,12,190,1
5,14,13,190,61
5,14,13,147,45
5,14,14,190,200
5,14,14,147,4
5,14,14,154,8
5,14,15,190,46
5,14,15,154,7
5,14,16,154,1
5,14,25,154,4
5,14,26,154,6
5,14,27,154,2
5,14,28,154,3
5,14,29,154,1
5,14,30,154,1
5,14,31,154,1
5,15,0,2,6
5,15,1,2,2
5,15,2,2,5
5,15,3,147,9
5,15,3,2,2
5,15,4,147,6
5,15,4,2,2
5,15,5,2,3
5,15,5,147,6
5,15,6,2,13
5,15,6,147,11
5,15,7,147,12
5,15,7,2,6
5,15,8,147,30
5,15,8,2,14
5,15,9,7,12
5,15,9,147,557
5,15,9,2,42
5,15,10,7,37
5,15,10,147,924
5,15,11,147,863
5,15,12,147,732
5,15,12,190,131
5,15,13,190,239
5,15,13,147,7
5,15,14,190,136
5,15,15,190,197
5,15,15,154,9
5,15,17,154,1
5,15,25,154,8
5,15,26,154,3
5,15,27,154,2
5,15,28,154,2
5,15,29,154,1
5,15,30,154,1
5,15,31,154,1
5,16,3,147,25
5,16,3,2,9
5,16,4,147,21
5,16,4,2,7
5,16,5,147,8
5,16,6,147,8
5,16,7,147,28
5,16,8,147,251
5,16,8,2,293
5,16,9,147,628
5,16,9,2,297
5,16,10,147,905
5,16,11,147,1686
5,16,12,147,231
5,16,12,190,167
5,16,13,190,225
5,16,14,190,346
5,16,15,190,236
5,16,15,154,12
5,16,16,190,37
5,16,16,154,6
5,16,24,154,1
5,16,25,154,3
5,16,26,154,2
5,16,27,154,1
5,16,28,154,1
5,16,29,154,1
5,16,30,154,1
5,16,31,154,1
5,17,3,147,131
5,17,3,2,123
5,17,4,147,211
5,17,4,2,210
5,17,5,2,35
5,17,5,147,57
5,17,6,147,42
5,17,6,2,2
5,17,7,147,359
5,17,7,2,525
5,17,8,147,246
5,17,8,2,756
5,17,9,147,788
5,17,9,2,235
5,17,10,147,1450
5,17,11,147,2451
5,17,12,190,12
5,17,12,147,639
5,17,13,190,72
5,17,13,147,7
5,17,14,190,83
5,17,15,190,250
5,17,16,190,264
5,17,16,154,4
5,17,17,190,263
5,17,17,154,11
5,17,18,190,274
5,17,18,154,5
5,17,19,190,23
5,17,19,154,2
5,17,24,154,2
5,17,25,154,7
5,17,26,154,1
5,17,27,154,1
5,17,28,154,1
5,17,29,154,1
5,17,30,154,1
5,17,31,154,1
5,18,3,147,37
5,18,3,2,27
5,18,4,2,28
5,18,4,147,41
5,18,5,147,9
5,18,5,2,2
5,18,6,2,37
5,18,6,147,119
5,18,7,147,126
5,18,7,2,615
5,18,8,147,65
5,18,8,2,874
5,18,9,147,212
5,18,9,2,268
5,18,10,147,460
5,18,11,147,1192
5,18,12,190,3
5,18,12,147,1445
5,18,13,190,124
5,18,13,147,17
5,18,14,190,98
5,18,15,190,169
5,18,16,190,672
5,18,17,190,431
5,18,18,190,457
5,18,18,154,3
5,18,19,190,29
5,18,19,154,1
5,18,24,154,2
5,18,25,154,5
5,18,26,154,1
5,18,27,154,1
5,18,28,154,1
5,18,29,154,1
5,18,30,154,1
5,18,31,154,1
5,19,3,147,19
5,19,3,2,2
5,19,4,147,20
5,19,5,147,5
5,19,6,147,12
5,19,7,147,135
5,19,7,2,251
5,19,8,147,58
5,19,8,2,231
5,19,9,2,31
5,19,9,147,81
5,19,10,147,318
5,19,11,147,707
5,19,12,147,1262
5,19,12,190,7
5,19,13,190,156
5,19,13,147,85
5,19,13,154,8
5,19,14,190,176
5,19,14,154,14
5,19,15,190,160
5,19,15,154,1
5,19,16,190,160
5,19,16,154,7
5,19,17,190,226
5,19,17,154,15
5,19,18,190,23
5,19,18,154,2
5,19,24,154,2
5,19,25,154,2
5,19,26,154,1
5,19,27,154,1
5,19,28,154,1
5,19,29,154,1
5,19,30,154,1
5,19,31,154,1
5,20,2,2,20
5,20,3,2,159
5,20,3,147,15
5,20,4,147,11
5,20,5,147,43
5,20,5,2,33
5,20,6,147,143
5,20,6,2,159
5,20,7,2,100
5,20,7,147,118
5,20,8,2,109
5,20,9,2,23
5,20,9,147,38
5,20,10,147,442
5,20,11,147,560
5,20,12,147,843
5,20,12,154,22
5,20,13,147,133
5,20,13,154,25
5,20,13,190,7
5,20,14,190,50
5,20,14,154,11
5,20,15,190,22
5,20,15,154,1
5,20,16,154,2
5,20,16,190,1
5,20,17,154,20
5,20,17,190,277
5,20,18,190,51
5,20,18,154,2
5,20,20,154,2
5,20,23,154,1
5,20,24,154,2
5,20,25,154,1
5,20,26,154,1
5,20,27,154,1
5,20,28,154,1
5,20,29,154,1
5,20,30,154,1
5,20,31,154,1
5,21,2,2,53
5,21,3,2,84
5,21,3,147,1
5,21,4,2,10
5,21,4,147,8
5,21,5,2,152
5,21,5,147,79
5,21,6,147,48
5,21,6,2,63
5,21,7,147,119
5,21,7,2,194
5,21,8,2,191
5,21,9,147,257
5,21,9,2,78
5,21,10,147,686
5,21,10,154,7
5,21,11,147,133
5,21,11,154,15
5,21,12,154,33
5,21,12,147,3
5,21,13,154,38
5,21,14,154,5
5,21,17,154,2
5,21,23,154,1
5,21,24,154,7
5,21,25,154,3
5,21,26,154,1
5,21,27,154,1
5,21,28,154,1
5,21,29,154,1
5,21,30,154,1
5,21,31,154,1
5,22,3,2,2
5,22,4,2,5
5,22,4,147,9
5,22,5,2,17
5,22,5,147,25
5,22,6,147,15
5,22,6,2,27
5,22,7,147,49
5,22,7,2,118
5,22,8,147,15
5,22,8,2,46
5,22,9,2,14
5,22,9,147,19
5,22,9,154,1
5,22,10,154,21
5,22,10,147,12
5,22,11,154,41
5,22,12,154,54
5,22,13,154,28
5,22,14,154,22
5,22,15,154,9
5,22,16,154,2
5,22,20,154,2
5,22,21,154,3
5,22,24,154,5
5,22,25,154,5
5,22,26,154,1
5,22,27,154,1
5,22,28,154,1
5,22,29,154,1
5,22,30,154,1
5,22,31,154,1
5,23,3,2,2
5,23,4,2,4
5,23,5,2,69
5,23,5,147,22
5,23,6,2,63
5,23,6,147,27
5,23,7,2,99
5,23,7,147,7
5,23,8,2,117
5,23,9,154,5
5,23,9,2,46
5,23,10,154,29
5,23,11,154,60
5,23,12,154,42
5,23,13,154,38
5,23,14,154,32
5,23,15,154,7
5,23,23,154,1
5,23,24,154,2
5,23,25,154,1
5,23,26,154,1
5,23,27,154,1
5,23,28,154,1
5,23,29,154,1
5,23,30,154,1
5,23,31,154,1
5,24,2,2,2
5,24,3,2,90
5,24,4,2,31
5,24,5,2,133
5,24,6,2,57
5,24,7,2,83
5,24,8,2,200
5,24,9,2,122
5,24,9,154,15
5,24,10,154,54
5,24,11,154,71
5,24,12,154,62
5,24,13,154,42
5,24,14,154,39
5,24,15,154,40
5,24,16,154,11
5,24,23,154,2
5,24,24,154,2
5,24,25,154,1
5,24,26,154,1
5,24,27,154,1
5,24,28,154,1
5,24,29,154,1
5,24,30,154,1
5,24,31,154,1
5,25,3,2,4
5,25,4,2,82
5,25,5,2,107
5,25,6,2,86
5,25,7,2,130
5,25,8,2,201
5,25,9,154,17
5,25,9,2,98
5,25,10,154,51
5,25,11,154,56
5,25,12,154,50
5,25,13,154,44
5,25,14,154,67
5,25,15,154,41
5,25,16,154,25
5,25,23,154,3
5,25,24,154,3
5,25,25,154,1
5,25,26,154,1
5,25,27,154,1
5,25,28,154,1
5,25,29,154,1
5,25,30,154,1
5,25,31,154,1
5,26,5,2,31
5,26,6,2,90
5,26,7,2,76
5,26,8,2,136
5,26,9,154,28
5,26,9,2,93
5,26,10,154,40
5,26,11,154,42
5,26,12,154,63
5,26,13,154,64
5,26,14,154,37
5,26,15,154,39
5,26,16,154,69
5,26,17,11,385
5,26,17,154,11
5,26,18,154,7
5,26,18,11,1415
5,26,19,11,334
5,26,19,154,10
5,26,23,154,1
5,26,24,154,2
5,26,25,154,1
5,26,26,154,1
5,26,27,154,1
5,26,28,154,1
5,26,29,154,1
5,26,30,154,1
5,26,31,154,1
5,27,6,2,88
5,27,7,2,114
5,27,8,2,127
5,27,9,2,23
5,27,9,154,33
5,27,10,154,85
5,27,11,154,71
5,27,12,154,71
5,27,13,154,14
5,27,14,154,11
5,27,15,154,32
5,27,16,154,76
5,27,16,11,9
5,27,17,11,1741
5,27,17,154,34
5,27,18,154,1
5,27,18,11,1008
5,27,19,11,26
5,27,19,154,2
5,27,23,154,2
5,27,24,154,2
5,27,25,154,1
5,27,26,154,1
5,27,27,154,1
5,27,28,154,1
5,27,29,154,1
5,27,30,154,1
5,27,31,154,1
5,28,5,2,117
5,28,6,2,49
5,28,7,2,241
5,28,8,2,294
5,28,9,154,20
5,28,9,2,192
5,28,10,154,42
5,28,11,154,54
5,28,12,154,35
5,28,14,154,6
5,28,16,154,29
5,28,16,11,26
5,28,17,11,898
5,28,17,154,22
5,28,18,11,471
5,28,19,11,387
5,28,19,154,32
5,28,20,11,139
5,28,20,154,6
5,28,23,154,2
5,28,24,154,2
5,28,25,154,1
5,28,26,154,1
5,28,27,154,1
5,28,28,154,1
5,28,29,154,1
5,28,30,154,1
5,28,31,154,1
5,29,4,2,2
5,29,5,2,12
5,29,6,2,6
5,29,7,2,197
5,29,8,2,489
5,29,9,154,16
5,29,9,2,236
5,29,10,154,14
5,29,11,154,7
5,29,16,154,40
5,29,17,11,170
5,29,17,154,8
5,29,18,154,14
5,29,18,11,613
5,29,19,11,405
5,29,19,154,15
5,29,20,11,242
5,29,20,154,11
5,29,24,154,3
5,29,25,154,1
5,29,26,154,2
5,29,27,154,2
5,29,28,154,4
5,29,29,154,4
5,29,30,154,3
5,29,31,154,2
5,30,6,2,8
5,30,7,2,232
5,30,8,2,634
5,30,9,154,15
5,30,9,2,168
5,30,10,154,17
5,30,15,154,2
5,30,16,154,15
5,30,17,154,28
5,30,18,154,8
5,30,20,154,15
5,30,21,154,3
5,30,24,154,2
5,30,25,154,8
5,30,26,154,5
5,30,27,154,7
5,30,28,154,3
5,30,29,154,4
5,30,30,154,3
5,30,31,154,3
5,31,0,2,3
5,31,1,2,3
5,31,2,2,3
5,31,3,2,6
5,31,4,2,5
5,31,5,2,3
5,31,6,2,17
5,31,7,2,200
5,31,8,2,335
5,31,9,7,18
5,31,9,2,69
5,31,10,7,65
5,31,15,154,1
5,31,16,154,5
5,31,17,154,10
5,31,19,154,25
5,31,20,154,28
5,31,21,154,1
5,31,25,154,4
5,31,27,154,1
5,31,30,154,1
5,31,31,154,1
