ubc_number,mine,tsf,owner_company,country,latitude,longitude,status,construction_year,current_tailings_storage,planned_storage_5_years,hazard_categorization,source,link,index_right,um_class,conf,name,lith,ref_source,publish,dist_m,dist_km
209,KCGM,Fimiston II,Barrick Gold Corporation,Australia,-30.751359,121.546371,Active,1991.0,119000000.0,135000000.0,High,Global Tailing Dam [https://www.grida.no/publications/472],https://barrick.q4cdn.com/788666289/files/doc_downloads/2019/06/Letter-to-the-CoE-plus-inventory.pdf,22377,major,high,ultramafic and minor mafic rocks 74475,igneous ultramafic intrusive; meta-igneous ultramafic volcanic,"Geoscience Australia, Surface Geology of Australia 1:1M (2012)",True,4065.911431699653,4.1
211,KCGM,Gidji I,Barrick Gold Corporation,Australia,-30.58317,121.453803,Inactive Care and Maintenance,1989.0,3000000.0,3000000.0,Low,Global Tailing Dam [https://www.grida.no/publications/472],https://barrick.q4cdn.com/788666289/files/doc_downloads/2019/06/Letter-to-the-CoE-plus-inventory.pdf,21120,major,high,ultramafic and minor mafic rocks 74475,igneous ultramafic intrusive; meta-igneous ultramafic volcanic,"Geoscience Australia, Surface Geology of Australia 1:1M (2012)",True,2711.983394233086,2.7
212,KCGM,Gidji II,Barrick Gold Corporation,Australia,-30.58317,121.453803,Active,2012.0,1000000.0,2000000.0,Low,Global Tailing Dam [https://www.grida.no/publications/472],https://barrick.q4cdn.com/788666289/files/doc_downloads/2019/06/Letter-to-the-CoE-plus-inventory.pdf,21120,major,high,ultramafic and minor mafic rocks 74475,igneous ultramafic intrusive; meta-igneous ultramafic volcanic,"Geoscience Australia, Surface Geology of Australia 1:1M (2012)",True,2711.983394233086,2.7
579,Kambalda,Kambalda TSF,BHP Group,Australia,-31.170604,121.688347,Inactive,1973.0,25900000.0,30400000.0,Significant,Global Tailing Dam [https://www.grida.no/publications/472],https://www.bhp.com/-/media/documents/environment/2019/190607_coe.pdf?la=en,22543,major,high,ultramafic and minor mafic rocks 74475,igneous ultramafic intrusive; meta-igneous ultramafic volcanic,"Geoscience Australia, Surface Geology of Australia 1:1M (2012)",True,892.801794218909,0.9
581,Leinster,Leinster TSF 1,BHP Group,Australia,-27.80918,120.696149,Inactive,1978.0,2000000.0,2000000.0,Low,Global Tailing Dam [https://www.grida.no/publications/472],https://www.bhp.com/-/media/documents/environment/2019/190607_coe.pdf?la=en,21274,major,high,ultramafic and minor mafic rocks 74475,igneous ultramafic intrusive; meta-igneous ultramafic volcanic,"Geoscience Australia, Surface Geology of Australia 1:1M (2012)",True,2940.868883909926,2.9
2025,,Ravensthorpe Nickel Operation TSF,First Quantum Minerals,Australia,-33.689214,120.392475,Active,2006.0,74800000.0,97700000.0,Category 1 - Extreme,Global Tailing Dam [https://www.grida.no/publications/472],https://s24.q4cdn.com/821689673/files/doc_downloads/tailings-management/Tailings-Dam-Management-Disclosure-Request-April-2020-FINAL.xlsx,22525,major,high,ultramafic rocks 74480,igneous ultramafic intrusive; igneous ultramafic volcanic,"Geoscience Australia, Surface Geology of Australia 1:1M (2012)",True,160.16634568572914,0.2
1498,Iron Bridge,TSF 1,Fortescue Metals Group,Australia,-21.2,119.05,Inactive Care and Maintenance,2015.0,300000.0,,Low,Global Tailing Dam [https://www.grida.no/publications/472],https://www.fmgl.com.au/docs/default-source/environmental-publications/fortescue-tailings-storage-facilities-register.pdf?sfvrsn=78800166_7,21011,major,high,Dalton Suite,igneous mafic intrusive; igneous ultramafic intrusive,"Geoscience Australia, Surface Geology of Australia 1:1M (2012)",True,594.621942170705,0.6
769,George Fisher Mine,GFM TSF (Main Dam),Glencore,Australia,-20.559167,139.464722,Inactive,1989.0,3000000.0,3000000.0,Significant,Global Tailing Dam [https://www.grida.no/publications/472],https://www.glencore.com/dam/jcr:58e3d8ff-97c1-422f-8d31-dd2fee89fcc3/Glencore_TSFs_190614.pdf,20705,major,high,"mafic, ultramafic, intermediate intrusions 74431",igneous mafic intrusive; igneous ultramafic intrusive,"Geoscience Australia, Surface Geology of Australia 1:1M (2012)",True,3931.4773660237224,3.9
748,Murrin Murrin Mine,Paddock TSF - North (North Dam),Glencore,Australia,-28.769014,121.917506,Inactive,1998.0,17800000.0,17800000.0,High,Global Tailing Dam [https://www.grida.no/publications/472],https://www.glencore.com/dam/jcr:58e3d8ff-97c1-422f-8d31-dd2fee89fcc3/Glencore_TSFs_190614.pdf,21679,major,high,ultramafic and minor mafic rocks 74475,igneous ultramafic intrusive; meta-igneous ultramafic volcanic,"Geoscience Australia, Surface Geology of Australia 1:1M (2012)",True,2342.4836702357566,2.3
749,Murrin Murrin Mine,Paddock TSF - South (South Dam),Glencore,Australia,-28.75815,121.908517,Inactive,1998.0,18000000.0,18000000.0,High,Global Tailing Dam [https://www.grida.no/publications/472],https://www.glencore.com/dam/jcr:58e3d8ff-97c1-422f-8d31-dd2fee89fcc3/Glencore_TSFs_190614.pdf,21679,major,high,ultramafic and minor mafic rocks 74475,igneous ultramafic intrusive; meta-igneous ultramafic volcanic,"Geoscience Australia, Surface Geology of Australia 1:1M (2012)",True,2044.2498616297303,2.0
1000,Agnew,Agnew Redeemer,Gold Fields,Australia,-28.062694,120.483917,Inactive,2004.0,10500000.0,10500000.0,Low,Global Tailing Dam [https://www.grida.no/publications/472],https://www.goldfields.com/pdf/media/media-release/gold-fields-tsf-document-june-2019-new.pdf,21713,major,high,ultramafic and minor mafic rocks 74475,igneous ultramafic intrusive; meta-igneous ultramafic volcanic,"Geoscience Australia, Surface Geology of Australia 1:1M (2012)",True,4863.993396365633,4.9
1015,Lawlers,Lawlers CI TSF,Gold Fields,Australia,-28.083511,120.552286,Closed,2006.0,670000.0,670000.0,low,Global Tailing Dam [https://www.grida.no/publications/472],https://www.goldfields.com/pdf/media/media-release/gold-fields-tsf-document-june-2019-new.pdf,21713,major,high,ultramafic and minor mafic rocks 74475,igneous ultramafic intrusive; meta-igneous ultramafic volcanic,"Geoscience Australia, Surface Geology of Australia 1:1M (2012)",True,15.567137682640904,0.0
1013,Lawlers,Lawlers GEP TSF,Gold Fields,Australia,-28.078944,120.538333,Closed,2004.0,1281409.0,1281409.0,,Global Tailing Dam [https://www.grida.no/publications/472],https://www.goldfields.com/pdf/media/media-release/gold-fields-tsf-document-june-2019-new.pdf,21713,major,high,ultramafic and minor mafic rocks 74475,igneous ultramafic intrusive; meta-igneous ultramafic volcanic,"Geoscience Australia, Surface Geology of Australia 1:1M (2012)",True,508.01749096979967,0.5
1016,Lawlers,Lawlers HPI TSF,Gold Fields,Australia,-28.084439,120.558667,Closed,2001.0,971951.0,971951.0,Low,Global Tailing Dam [https://www.grida.no/publications/472],https://www.goldfields.com/pdf/media/media-release/gold-fields-tsf-document-june-2019-new.pdf,21713,major,high,ultramafic and minor mafic rocks 74475,igneous ultramafic intrusive; meta-igneous ultramafic volcanic,"Geoscience Australia, Surface Geology of Australia 1:1M (2012)",True,0.0,0.0
1014,Lawlers,Lawlers LEP TSF,Gold Fields,Australia,-28.078833,120.543222,Closed,2004.0,1216794.0,1216794.0,,Global Tailing Dam [https://www.grida.no/publications/472],https://www.goldfields.com/pdf/media/media-release/gold-fields-tsf-document-june-2019-new.pdf,21713,major,high,ultramafic and minor mafic rocks 74475,igneous ultramafic intrusive; meta-igneous ultramafic volcanic,"Geoscience Australia, Surface Geology of Australia 1:1M (2012)",True,105.5610773669068,0.1
1011,Lawlers,Lawlers TSF 1,Gold Fields,Australia,-28.076253,120.540558,Closed,1985.0,511066.0,511066.0,Low,Global Tailing Dam [https://www.grida.no/publications/472],https://www.goldfields.com/pdf/media/media-release/gold-fields-tsf-document-june-2019-new.pdf,21713,major,high,ultramafic and minor mafic rocks 74475,igneous ultramafic intrusive; meta-igneous ultramafic volcanic,"Geoscience Australia, Surface Geology of Australia 1:1M (2012)",True,132.2137476837435,0.1
1012,Lawlers,Lawlers TSF 2,Gold Fields,Australia,-28.083208,120.536378,Closed,1988.0,4800000.0,4800000.0,Low,Global Tailing Dam [https://www.grida.no/publications/472],https://www.goldfields.com/pdf/media/media-release/gold-fields-tsf-document-june-2019-new.pdf,21713,major,high,ultramafic and minor mafic rocks 74475,igneous ultramafic intrusive; meta-igneous ultramafic volcanic,"Geoscience Australia, Surface Geology of Australia 1:1M (2012)",True,996.2279659855068,1.0
1017,Lawlers,Lawlers TSF 3,Gold Fields,Australia,-28.080961,120.543644,Closed,2008.0,2500000.0,2500000.0,Low,Global Tailing Dam [https://www.grida.no/publications/472],https://www.goldfields.com/pdf/media/media-release/gold-fields-tsf-document-june-2019-new.pdf,21713,major,high,ultramafic and minor mafic rocks 74475,igneous ultramafic intrusive; meta-igneous ultramafic volcanic,"Geoscience Australia, Surface Geology of Australia 1:1M (2012)",True,243.81054249974,0.2
1019,St. Ives,St. Ives TSF 1,Gold Fields,Australia,-31.378611,121.793611,Re-mining,1987.0,12000000.0,8000000.0,Low,Global Tailing Dam [https://www.grida.no/publications/472],https://www.goldfields.com/pdf/media/media-release/gold-fields-tsf-document-june-2019-new.pdf,21334,major,high,ultramafic and minor mafic rocks 74475,igneous ultramafic intrusive; meta-igneous ultramafic volcanic,"Geoscience Australia, Surface Geology of Australia 1:1M (2012)",True,238.2540470775313,0.2
1020,St. Ives,St. Ives TSF 2,Gold Fields,Australia,-31.386111,121.797222,Inactive Care and Maintenance,1994.0,8800000.0,8800000.0,Low,Global Tailing Dam [https://www.grida.no/publications/472],https://www.goldfields.com/pdf/media/media-release/gold-fields-tsf-document-june-2019-new.pdf,21334,major,high,ultramafic and minor mafic rocks 74475,igneous ultramafic intrusive; meta-igneous ultramafic volcanic,"Geoscience Australia, Surface Geology of Australia 1:1M (2012)",True,462.6511004537101,0.5
1021,St. Ives,St. Ives TSF 3,Gold Fields,Australia,-31.380278,121.784167,Inactive Care and Maintenance,2003.0,17400000.0,17400000.0,Low,Global Tailing Dam [https://www.grida.no/publications/472],https://www.goldfields.com/pdf/media/media-release/gold-fields-tsf-document-june-2019-new.pdf,21334,major,high,ultramafic and minor mafic rocks 74475,igneous ultramafic intrusive; meta-igneous ultramafic volcanic,"Geoscience Australia, Surface Geology of Australia 1:1M (2012)",True,1082.738612359665,1.1
1512,Long OK,Long OK TSF,Independence Group,Australia,-31.186989,121.685968,Closed,1965.0,75000.0,75000.0,Unknown,Global Tailing Dam [https://www.grida.no/publications/472],https://www.igo.com.au/site/PDF/2784_2/20190613igotailingsdamdisclosurecoverletterv10,22543,major,high,ultramafic and minor mafic rocks 74475,igneous ultramafic intrusive; meta-igneous ultramafic volcanic,"Geoscience Australia, Surface Geology of Australia 1:1M (2012)",True,2194.43317646979,2.2
1513,Long South Kambalda,Long South Kambalda TSF,Independence Group,Australia,-31.183229,121.682546,Closed,1965.0,300000.0,300000.0,Unknown,Global Tailing Dam [https://www.grida.no/publications/472],https://www.igo.com.au/site/PDF/2784_2/20190613igotailingsdamdisclosurecoverletterv10,22543,major,high,ultramafic and minor mafic rocks 74475,igneous ultramafic intrusive; meta-igneous ultramafic volcanic,"Geoscience Australia, Surface Geology of Australia 1:1M (2012)",True,1737.392634850338,1.7
932,Wodgina,Wodgina TSF1,Mineral Resources,Australia,-21.18138,118.67333,Closed,,,,Low,Global Tailing Dam [https://www.grida.no/publications/472],https://s3-ap-southeast-2.amazonaws.com/assets.mineralresources.com.au/app/uploads/2020/01/13105846/Tailings-Safety-Disclosure-Response-2020.pdf,22126,major,high,Pilbara Supergroup - ultramafic rocks,igneous ultramafic intrusive; meta-igneous ultramafic volcanic,"Geoscience Australia, Surface Geology of Australia 1:1M (2012)",True,162.34670403445097,0.2
933,Wodgina,Wodgina TSF2,Mineral Resources,Australia,-21.18083,118.67944,Closed,,,,Low,Global Tailing Dam [https://www.grida.no/publications/472],https://s3-ap-southeast-2.amazonaws.com/assets.mineralresources.com.au/app/uploads/2020/01/13105846/Tailings-Safety-Disclosure-Response-2020.pdf,22126,major,high,Pilbara Supergroup - ultramafic rocks,igneous ultramafic intrusive; meta-igneous ultramafic volcanic,"Geoscience Australia, Surface Geology of Australia 1:1M (2012)",True,301.9329742063844,0.3
934,Wodgina,Wodgina TSF3,Mineral Resources,Australia,-21.187777,118.663888,Closed,,10380365.0,10380365.0,Low,Global Tailing Dam [https://www.grida.no/publications/472],https://s3-ap-southeast-2.amazonaws.com/assets.mineralresources.com.au/app/uploads/2020/01/13105846/Tailings-Safety-Disclosure-Response-2020.pdf,22126,major,high,Pilbara Supergroup - ultramafic rocks,igneous ultramafic intrusive; meta-igneous ultramafic volcanic,"Geoscience Australia, Surface Geology of Australia 1:1M (2012)",True,1406.407380142509,1.4
935,Wodgina,Wodgina TSF3E,Mineral Resources,Australia,-21.184153,118.664897,Active,2019.0,218588.0,2000000.0,Low,Global Tailing Dam [https://www.grida.no/publications/472],https://s3-ap-southeast-2.amazonaws.com/assets.mineralresources.com.au/app/uploads/2020/01/13105846/Tailings-Safety-Disclosure-Response-2020.pdf,22126,major,high,Pilbara Supergroup - ultramafic rocks,igneous ultramafic intrusive; meta-igneous ultramafic volcanic,"Geoscience Australia, Surface Geology of Australia 1:1M (2012)",True,960.42362536211,1.0
936,Mt Marion,Mt Marion GCB,Mineral Resources,Australia,-31.08083,121.4325,Active,2016.0,1900000.0,7500000.0,Low,Global Tailing Dam [https://www.grida.no/publications/472],https://s3-ap-southeast-2.amazonaws.com/assets.mineralresources.com.au/app/uploads/2020/01/13105846/Tailings-Safety-Disclosure-Response-2020.pdf,20366,major,high,ultramafic and meta-ultramafic rock 74281,meta-igneous ultramafic intrusive,"Geoscience Australia, Surface Geology of Australia 1:1M (2012)",True,642.5514141765552,0.6
947,Rosebery Bobadil Dam,Rosebery Bobadil Dam,MMG,Australia,-41.750833,145.513056,Inactive Care and Maintenance,1974.0,22900000.0,24400000.0,High C,Global Tailing Dam [https://www.grida.no/publications/472],https://www.mmg.com/wp-content/uploads/2019/12/MMG_Mine_Tailings_Storage_Facilities.pdf,22463,major,high,ultramafic rock 69569,igneous ultramafic; meta-igneous ultramafic,"Geoscience Australia, Surface Geology of Australia 1:1M (2012)",True,3027.615170672838,3.0
1825,KCGM,Fimiston II,Newmont Goldcorp,Australia,-30.751359,121.546371,Active,1991.0,120000000.0,151000000.0,High C,Global Tailing Dam [https://www.grida.no/publications/472],https://www.newmontgoldcorp.com/document/church-of-england-tailings-management/,22377,major,high,ultramafic and minor mafic rocks 74475,igneous ultramafic intrusive; meta-igneous ultramafic volcanic,"Geoscience Australia, Surface Geology of Australia 1:1M (2012)",True,4065.911431699653,4.1
1827,KCGM,Gidji I,Newmont Goldcorp,Australia,-30.58317,121.453803,Inactive Care and Maintenance,1989.0,3000000.0,3000000.0,Low,Global Tailing Dam [https://www.grida.no/publications/472],https://www.newmontgoldcorp.com/document/church-of-england-tailings-management/,21120,major,high,ultramafic and minor mafic rocks 74475,igneous ultramafic intrusive; meta-igneous ultramafic volcanic,"Geoscience Australia, Surface Geology of Australia 1:1M (2012)",True,2711.983394233086,2.7
1828,KCGM,Gidji II,Newmont Goldcorp,Australia,-30.58317,121.453803,Active,2012.0,1000000.0,2000000.0,Low,Global Tailing Dam [https://www.grida.no/publications/472],https://www.newmontgoldcorp.com/document/church-of-england-tailings-management/,21120,major,high,ultramafic and minor mafic rocks 74475,igneous ultramafic intrusive; meta-igneous ultramafic volcanic,"Geoscience Australia, Surface Geology of Australia 1:1M (2012)",True,2711.983394233086,2.7
1775,Garden Well,GWTSF1,Regis Resources,Australia,-27.894444,122.373889,Active,2011.0,23000000.0,38000000.0,High,Global Tailing Dam [https://www.grida.no/publications/472],https://www.regisresources.com.au/Environment/dam-and-tailings-management.html,20320,major,high,ultramafic and minor mafic rocks 74475,igneous ultramafic intrusive; meta-igneous ultramafic volcanic,"Geoscience Australia, Surface Geology of Australia 1:1M (2012)",True,3624.6791544388216,3.6
1776,Garden Well,GWTSF2,Regis Resources,Australia,-27.904167,122.370556,Inactive,2018.0,5000000.0,11000000.0,Medium,Global Tailing Dam [https://www.grida.no/publications/472],https://www.regisresources.com.au/Environment/dam-and-tailings-management.html,21976,major,high,ultramafic and minor mafic rocks 74475,igneous ultramafic intrusive; meta-igneous ultramafic volcanic,"Geoscience Australia, Surface Geology of Australia 1:1M (2012)",True,2796.4925434505367,2.8
2070,Moolart Well Gold Mine,BANTSF1,Regis Resources,Australia,-27.966,122.316,Decommissioned,1990.0,700000.0,700000.0,Low,Global Tailing Dam [https://www.grida.no/publications/472],www.regisresources.com.au,21508,major,high,ultramafic and minor mafic rocks 74475,igneous ultramafic intrusive; meta-igneous ultramafic volcanic,"Geoscience Australia, Surface Geology of Australia 1:1M (2012)",True,72.42244845640188,0.1
2067,Moolart Well Gold Mine,GWTSF1,Regis Resources,Australia,-27.894,122.374,Inactive,2012.0,24300000.0,39000000.0,High,Global Tailing Dam [https://www.grida.no/publications/472],www.regisresources.com.au,20320,major,high,ultramafic and minor mafic rocks 74475,igneous ultramafic intrusive; meta-igneous ultramafic volcanic,"Geoscience Australia, Surface Geology of Australia 1:1M (2012)",True,3619.06156117274,3.6
2068,Moolart Well Gold Mine,GWTSF2,Regis Resources,Australia,-27.904,122.371,Inactive,2018.0,5000000.0,11000000.0,Medium,Global Tailing Dam [https://www.grida.no/publications/472],www.regisresources.com.au,21976,major,high,ultramafic and minor mafic rocks 74475,igneous ultramafic intrusive; meta-igneous ultramafic volcanic,"Geoscience Australia, Surface Geology of Australia 1:1M (2012)",True,2848.393059522655,2.8
2069,Moolart Well Gold Mine,GWTSF3,Regis Resources,Australia,-27.924,122.38,Active,2020.0,0.0,32000000.0,Medium,Global Tailing Dam [https://www.grida.no/publications/472],www.regisresources.com.au,21976,major,high,ultramafic and minor mafic rocks 74475,igneous ultramafic intrusive; meta-igneous ultramafic volcanic,"Geoscience Australia, Surface Geology of Australia 1:1M (2012)",True,2788.25761893669,2.8
1777,Baneygo,BANTSF1,Regis Resources,Australia,-27.966111,122.316111,Closed,1990.0,700000.0,700000.0,Low,Global Tailing Dam [https://www.grida.no/publications/472],https://www.regisresources.com.au/Environment/dam-and-tailings-management.html,21508,major,high,ultramafic and minor mafic rocks 74475,igneous ultramafic intrusive; meta-igneous ultramafic volcanic,"Geoscience Australia, Surface Geology of Australia 1:1M (2012)",True,77.4692501825593,0.1
1467,DeGrussa Copper Mine,DeGrussa Copper Mine TSF,Sandfire Resources,Australia,-25.536633,119.315194,Active,2012.0,3040000.0,6280000.0,Medium,Global Tailing Dam [https://www.grida.no/publications/472],https://www.sandfire.com.au/site/PDF/2463_0/tailingsmanagement,20865,major,high,Narracoota Formation,igneous mafic volcanic; igneous ultramafic intrusive,"Geoscience Australia, Surface Geology of Australia 1:1M (2012)",True,1784.0776966352537,1.8
1663,Bannockburn Gold Mine,"Bannockburn  - Cells
1, 2 & 3",Saracen Mineral,Australia,-28.448564,120.904381,Closed,1993.0,6100000.0,,,Global Tailing Dam [https://www.grida.no/publications/472],https://www.saracen.com.au/files/1715/6472/6752/TSF_Disclosure_Statement_2019.pdf,20193,major,high,ultramafic and minor mafic rocks 74475,igneous ultramafic intrusive; meta-igneous ultramafic volcanic,"Geoscience Australia, Surface Geology of Australia 1:1M (2012)",True,766.1833307836673,0.8
1664,Carosue Dam Gold Mine,Carosue Dam - Luvironza In-Pit,Saracen Mineral,Australia,-30.107053,122.344856,Inactive Care and Maintenance,2012.0,4500000.0,4500000.0,Included in CDO Assessment,Global Tailing Dam [https://www.grida.no/publications/472],https://www.saracen.com.au/files/1715/6472/6752/TSF_Disclosure_Statement_2019.pdf,22240,major,high,ultramafic and meta-ultramafic rock 74281,meta-igneous ultramafic intrusive,"Geoscience Australia, Surface Geology of Australia 1:1M (2012)",True,4937.53844249536,4.9
1717,Plutonic Gold Mine,"Brooke Pit TSF
(BPTSF)",Superior Gold,Australia,-25.324171,119.508497,Rehabilitated,2011.0,118680.0,118680.0,Very Low,Global Tailing Dam [https://www.grida.no/publications/472],https://www.superior-gold.com/site/assets/files/2040/superior-gold-tsf-management.pdf,21843,major,high,metamorphosed ultramafic rocks 74286,igneous ultramafic volcanic; meta-igneous ultramafic intrusive,"Geoscience Australia, Surface Geology of Australia 1:1M (2012)",True,0.0,0.0
1714,Plutonic Gold Mine,Callop Pit (CalPTSF),Superior Gold,Australia,-25.306116,119.504004,Rehabilitated,2006.0,794880.0,794880.0,Very Low,Global Tailing Dam [https://www.grida.no/publications/472],https://www.superior-gold.com/site/assets/files/2040/superior-gold-tsf-management.pdf,21843,major,high,metamorphosed ultramafic rocks 74286,igneous ultramafic volcanic; meta-igneous ultramafic intrusive,"Geoscience Australia, Surface Geology of Australia 1:1M (2012)",True,304.6298299451181,0.3
1712,Plutonic Gold Mine,Catfish Pit (CPTSF),Superior Gold,Australia,-25.317207,119.495048,Rehabilitated,2004.0,2497800.0,2497800.0,Very Low,Global Tailing Dam [https://www.grida.no/publications/472],https://www.superior-gold.com/site/assets/files/2040/superior-gold-tsf-management.pdf,21843,major,high,metamorphosed ultramafic rocks 74286,igneous ultramafic volcanic; meta-igneous ultramafic intrusive,"Geoscience Australia, Surface Geology of Australia 1:1M (2012)",True,0.0,0.0
1716,Plutonic Gold Mine,"Cut Throat Pit
(CTPTSF)",Superior Gold,Australia,-25.322362,119.508201,Rehabilitated,2011.0,725880.0,725880.0,Very Low,Global Tailing Dam [https://www.grida.no/publications/472],https://www.superior-gold.com/site/assets/files/2040/superior-gold-tsf-management.pdf,21843,major,high,metamorphosed ultramafic rocks 74286,igneous ultramafic volcanic; meta-igneous ultramafic intrusive,"Geoscience Australia, Surface Geology of Australia 1:1M (2012)",True,0.0,0.0
1713,Plutonic Gold Mine,Dogfish Pit (DPTSF),Superior Gold,Australia,-25.315875,119.500641,Rehabilitated,2005.0,1462800.0,1462800.0,Very Low,Global Tailing Dam [https://www.grida.no/publications/472],https://www.superior-gold.com/site/assets/files/2040/superior-gold-tsf-management.pdf,21843,major,high,metamorphosed ultramafic rocks 74286,igneous ultramafic volcanic; meta-igneous ultramafic intrusive,"Geoscience Australia, Surface Geology of Australia 1:1M (2012)",True,0.0,0.0
1711,Plutonic Gold Mine,"Perch North
TSF(PNTSF)",Superior Gold,Australia,-25.319927,119.487905,Rehabilitated,2003.0,369840.0,369840.0,Very Low,Global Tailing Dam [https://www.grida.no/publications/472],https://www.superior-gold.com/site/assets/files/2040/superior-gold-tsf-management.pdf,21843,major,high,metamorphosed ultramafic rocks 74286,igneous ultramafic volcanic; meta-igneous ultramafic intrusive,"Geoscience Australia, Surface Geology of Australia 1:1M (2012)",True,349.7805848232529,0.3
1709,Plutonic Gold Mine,"Perch Pit TSF
(PPTSF)",Superior Gold,Australia,-25.322689,119.487365,Rehabilitated,2000.0,9660000.0,9660000.0,Very Low,Global Tailing Dam [https://www.grida.no/publications/472],https://www.superior-gold.com/site/assets/files/2040/superior-gold-tsf-management.pdf,21843,major,high,metamorphosed ultramafic rocks 74286,igneous ultramafic volcanic; meta-igneous ultramafic intrusive,"Geoscience Australia, Surface Geology of Australia 1:1M (2012)",True,547.5832888314077,0.5
1710,Plutonic Gold Mine,"Perch West Pit TSF
(PWTSF)",Superior Gold,Australia,-25.322725,119.4825,Rehabilitated,2003.0,1204740.0,1204740.0,Very Low,Global Tailing Dam [https://www.grida.no/publications/472],https://www.superior-gold.com/site/assets/files/2040/superior-gold-tsf-management.pdf,21843,major,high,metamorphosed ultramafic rocks 74286,igneous ultramafic volcanic; meta-igneous ultramafic intrusive,"Geoscience Australia, Surface Geology of Australia 1:1M (2012)",True,977.4462795728406,1.0
1718,Plutonic Gold Mine,"Piranah Pit TSF
(PirTSF)",Superior Gold,Australia,-25.327306,119.518343,Rehabilitated,2010.0,1587000.0,1587000.0,Very Low,Global Tailing Dam [https://www.grida.no/publications/472],https://www.superior-gold.com/site/assets/files/2040/superior-gold-tsf-management.pdf,21843,major,high,metamorphosed ultramafic rocks 74286,igneous ultramafic volcanic; meta-igneous ultramafic intrusive,"Geoscience Australia, Surface Geology of Australia 1:1M (2012)",True,0.0,0.0
1715,Plutonic Gold Mine,"Rainbow Pit
(RPTSF)",Superior Gold,Australia,-25.319767,119.507463,Rehabilitated,2012.0,3215400.0,3215400.0,Very Low,Global Tailing Dam [https://www.grida.no/publications/472],https://www.superior-gold.com/site/assets/files/2040/superior-gold-tsf-management.pdf,21843,major,high,metamorphosed ultramafic rocks 74286,igneous ultramafic volcanic; meta-igneous ultramafic intrusive,"Geoscience Australia, Surface Geology of Australia 1:1M (2012)",True,0.0,0.0
1706,Plutonic Gold Mine,TSF#1,Superior Gold,Australia,-25.31331,119.456724,Rehabilitated,1990.0,17250000.0,17250000.0,Very Low,Global Tailing Dam [https://www.grida.no/publications/472],https://www.superior-gold.com/site/assets/files/2040/superior-gold-tsf-management.pdf,20452,major,high,metamorphosed ultramafic rocks 74286,igneous ultramafic volcanic; meta-igneous ultramafic intrusive,"Geoscience Australia, Surface Geology of Australia 1:1M (2012)",True,589.573580013487,0.6
1707,Plutonic Gold Mine,TSF#2,Superior Gold,Australia,-25.309525,119.462373,Active,1995.0,16284000.0,16284000.0,Very Low,Global Tailing Dam [https://www.grida.no/publications/472],https://www.superior-gold.com/site/assets/files/2040/superior-gold-tsf-management.pdf,20452,major,high,metamorphosed ultramafic rocks 74286,igneous ultramafic volcanic; meta-igneous ultramafic intrusive,"Geoscience Australia, Surface Geology of Australia 1:1M (2012)",True,1252.1257720276822,1.3
1708,Plutonic Gold Mine,TSF#3,Superior Gold,Australia,-25.314077,119.455713,Active,1999.0,15180000.0,15180000.0,Very Low,Global Tailing Dam [https://www.grida.no/publications/472],https://www.superior-gold.com/site/assets/files/2040/superior-gold-tsf-management.pdf,20452,major,high,metamorphosed ultramafic rocks 74286,igneous ultramafic volcanic; meta-igneous ultramafic intrusive,"Geoscience Australia, Surface Geology of Australia 1:1M (2012)",True,440.81939114574584,0.4
68,Codemin,Codemin: Dust Reservoir No 1,Anglo American,Brazil,-14.149444,-48.341944,Active,1982.0,487891.0,500000.0,Low,Global Tailing Dam [https://www.grida.no/publications/472],https://www.angloamerican.com/sustainability/tailings-summary/tailings-database?page=5,57421,major,high,Unidade Niquelândia - Zona Ultramáfica,"Cromitito, Dunito, Ortopiroxenito, Websterito","SGB/CPRM Brazil, Litoestratigrafia 1:1M (2004)",False,953.1291622302829,1.0
69,Codemin,Codemin: Dust Reservoir No 3,Anglo American,Brazil,-14.147222,-48.341944,Active,1982.0,128596.0,130000.0,Low,Global Tailing Dam [https://www.grida.no/publications/472],https://www.angloamerican.com/sustainability/tailings-summary/tailings-database?page=5,57421,major,high,Unidade Niquelândia - Zona Ultramáfica,"Cromitito, Dunito, Ortopiroxenito, Websterito","SGB/CPRM Brazil, Litoestratigrafia 1:1M (2004)",False,949.974756006527,0.9
70,Codemin,Codemin: Dust Reservoir No 3,Anglo American,Brazil,-14.153611,-48.343333,Active,1990.0,43445.0,43000.0,Low,Global Tailing Dam [https://www.grida.no/publications/472],https://www.angloamerican.com/sustainability/tailings-summary/tailings-database?page=5,57421,major,high,Unidade Niquelândia - Zona Ultramáfica,"Cromitito, Dunito, Ortopiroxenito, Websterito","SGB/CPRM Brazil, Litoestratigrafia 1:1M (2004)",False,870.7541229999933,0.9
71,Codemin,Codemin: Slag Pile No. 1,Anglo American,Brazil,-14.151111,-48.345556,Inactive,1975.0,3500000.0,0.0,Moderate,Global Tailing Dam [https://www.grida.no/publications/472],https://www.angloamerican.com/sustainability/tailings-summary/tailings-database?page=5,57421,major,high,Unidade Niquelândia - Zona Ultramáfica,"Cromitito, Dunito, Ortopiroxenito, Websterito","SGB/CPRM Brazil, Litoestratigrafia 1:1M (2004)",False,631.6426506987136,0.6
72,Codemin,Codemin: Slag Pile No. 2,Anglo American,Brazil,-14.157222,-48.343333,Active,2002.0,3800000.0,2000000.0,High,Global Tailing Dam [https://www.grida.no/publications/472],https://www.angloamerican.com/sustainability/tailings-summary/tailings-database?page=5,57421,major,high,Unidade Niquelândia - Zona Ultramáfica,"Cromitito, Dunito, Ortopiroxenito, Websterito","SGB/CPRM Brazil, Litoestratigrafia 1:1M (2004)",False,913.0111568687063,0.9
834,Cuiaba,Cuiaba TSF,AngloGold Ashanti,Brazil,-19.869003,-43.726694,Active,2006.0,7610000.0,10000000.0,High,Global Tailing Dam [https://www.grida.no/publications/472],https://thevault.exchange/?get_group_doc=143/1560011239-AngloGoldAshantiMineTailingsDisclosurecertifiedbytheChairmanandChiefExecutiveOfficer.pdf,57075,major,high,"Unidade Nova Lima, metamáfica-ultramáfica","Metagabro, Serpentinito, Xisto","SGB/CPRM Brazil, Litoestratigrafia 1:1M (2004)",False,1210.5184595096857,1.2
835,Cuiaba,Open Pit Backfill,AngloGold Ashanti,Brazil,-19.864328,-43.746994,Active,2008.0,1400000.0,2700000.0,High,Global Tailing Dam [https://www.grida.no/publications/472],https://thevault.exchange/?get_group_doc=143/1560011239-AngloGoldAshantiMineTailingsDisclosurecertifiedbytheChairmanandChiefExecutiveOfficer.pdf,57075,major,high,"Unidade Nova Lima, metamáfica-ultramáfica","Metagabro, Serpentinito, Xisto","SGB/CPRM Brazil, Litoestratigrafia 1:1M (2004)",False,0.0,0.0
836,Queiroz,Calcinados,AngloGold Ashanti,Brazil,-19.961906,-43.839564,Active,1986.0,2970000.0,3205000.0,High,Global Tailing Dam [https://www.grida.no/publications/472],https://thevault.exchange/?get_group_doc=143/1560011239-AngloGoldAshantiMineTailingsDisclosurecertifiedbytheChairmanandChiefExecutiveOfficer.pdf,57075,major,high,"Unidade Nova Lima, metamáfica-ultramáfica","Metagabro, Serpentinito, Xisto","SGB/CPRM Brazil, Litoestratigrafia 1:1M (2004)",False,0.0,0.0
837,Queiroz,Cocoruto,AngloGold Ashanti,Brazil,-19.974481,-43.831208,Active,1983.0,4240000.0,4240000.0,High,Global Tailing Dam [https://www.grida.no/publications/472],https://thevault.exchange/?get_group_doc=143/1560011239-AngloGoldAshantiMineTailingsDisclosurecertifiedbytheChairmanandChiefExecutiveOfficer.pdf,57075,major,high,"Unidade Nova Lima, metamáfica-ultramáfica","Metagabro, Serpentinito, Xisto","SGB/CPRM Brazil, Litoestratigrafia 1:1M (2004)",False,0.0,0.0
838,Queiroz,Rapaunha,AngloGold Ashanti,Brazil,-19.965033,-43.84335,Active,1983.0,13700000.0,13700000.0,High,Global Tailing Dam [https://www.grida.no/publications/472],https://thevault.exchange/?get_group_doc=143/1560011239-AngloGoldAshantiMineTailingsDisclosurecertifiedbytheChairmanandChiefExecutiveOfficer.pdf,57075,major,high,"Unidade Nova Lima, metamáfica-ultramáfica","Metagabro, Serpentinito, Xisto","SGB/CPRM Brazil, Litoestratigrafia 1:1M (2004)",False,0.0,0.0
839,Mina Serra Grande,MSG TSF,AngloGold Ashanti,Brazil,-14.561789,-49.957942,Active,1990.0,14100000.0,20300000.0,High,Global Tailing Dam [https://www.grida.no/publications/472],https://thevault.exchange/?get_group_doc=143/1560011239-AngloGoldAshantiMineTailingsDisclosurecertifiedbytheChairmanandChiefExecutiveOfficer.pdf,58480,major,high,Corpo Corpos de rochas metamáfico - metaultramáfica,"Diabásio, Piroxenito, Serpentinito, Talco xisto, Xisto","SGB/CPRM Brazil, Litoestratigrafia 1:1M (2004)",False,4925.170710482231,4.9
1529,MCSA Mining Complex,Historic Tailings Dam,ERO COPPER,Brazil,-9.851139,-39.826583,Rehabilitated,1980.0,45400000.0,0.0, Medium,Global Tailing Dam [https://www.grida.no/publications/472],https://www.erocopper.com/site/assets/files/5177/ero_copper_tailings_management_table_vf.pdf,57280,major,high,Corpo Máfico-Ultramáficos do Vale do Curaçá,"Anfibolito, Metadiorito, Metagabro, Metagabronorito, Metanorito, Metaperidotito, Metapiroxenito, Serpentinito","SGB/CPRM Brazil, Litoestratigrafia 1:1M (2004)",False,4025.4229795759434,4.0
1531,MCSA Mining Complex,R22 Open Pit,ERO COPPER,Brazil,-9.852937,-39.871314,Closed,2011.0,2316736.0,0.0,Low,Global Tailing Dam [https://www.grida.no/publications/472],https://www.erocopper.com/site/assets/files/5177/ero_copper_tailings_management_table_vf.pdf,57280,major,high,Corpo Máfico-Ultramáficos do Vale do Curaçá,"Anfibolito, Metadiorito, Metagabro, Metagabronorito, Metanorito, Metaperidotito, Metapiroxenito, Serpentinito","SGB/CPRM Brazil, Litoestratigrafia 1:1M (2004)",False,1817.4673932390665,1.8
1530,MCSA Mining Complex,South Pilar Open Pit,ERO COPPER,Brazil,-9.874717,-39.870499,Active,2012.0,670827.0,3280000.0,Low,Global Tailing Dam [https://www.grida.no/publications/472],https://www.erocopper.com/site/assets/files/5177/ero_copper_tailings_management_table_vf.pdf,57280,major,high,Corpo Máfico-Ultramáficos do Vale do Curaçá,"Anfibolito, Metadiorito, Metagabro, Metagabronorito, Metanorito, Metaperidotito, Metapiroxenito, Serpentinito","SGB/CPRM Brazil, Litoestratigrafia 1:1M (2004)",False,541.4841629431306,0.5
1528,MCSA Mining Complex,Tailings Co-Disposal,ERO COPPER,Brazil,-9.855353,-39.865111,Active,2015.0,5588893.0,2200000.0,Low,Global Tailing Dam [https://www.grida.no/publications/472],https://www.erocopper.com/site/assets/files/5177/ero_copper_tailings_management_table_vf.pdf,57280,major,high,Corpo Máfico-Ultramáficos do Vale do Curaçá,"Anfibolito, Metadiorito, Metagabro, Metagabronorito, Metanorito, Metaperidotito, Metapiroxenito, Serpentinito","SGB/CPRM Brazil, Litoestratigrafia 1:1M (2004)",False,1446.3733745601223,1.4
890,Araxa,Araxa B1/B4,The Mosaic Company,Brazil,-19.633894,-46.996814,Inactive Care and Maintenance,1976.0,24000000.0,24000000.0,High,Global Tailing Dam [https://www.grida.no/publications/472],http://investors.mosaicco.com,58901,major,high,Complexo alcalino Araxá,"Carbonatito, Dunito, Glimmerito, Peridotito, Piroxenito","SGB/CPRM Brazil, Litoestratigrafia 1:1M (2004)",False,4149.3011921932,4.1
891,Araxa,Araxá B2,The Mosaic Company,Brazil,-19.641597,-46.974292,Inactive Care and Maintenance,1987.0,600000.0,12000000.0,High,Global Tailing Dam [https://www.grida.no/publications/472],http://investors.mosaicco.com,58901,major,high,Complexo alcalino Araxá,"Carbonatito, Dunito, Glimmerito, Peridotito, Piroxenito","SGB/CPRM Brazil, Litoestratigrafia 1:1M (2004)",False,1766.1504630153988,1.8
896,Tapira,Tapira BL-1,The Mosaic Company,Brazil,-19.842606,-46.865617,Inactive Care and Maintenance,1978.0,170000000.0,210000000.0,High,Global Tailing Dam [https://www.grida.no/publications/472],http://investors.mosaicco.com,58781,major,high,Complexo alcalino Tapira,"Carbonatito, Dunito, Glimmerito, Peridotito, Piroxenito","SGB/CPRM Brazil, Litoestratigrafia 1:1M (2004)",False,0.0,0.0
897,Tapira,Tapira BR,The Mosaic Company,Brazil,-19.838831,-46.833661,Active,1982.0,80000000.0,174000000.0,High,Global Tailing Dam [https://www.grida.no/publications/472],http://investors.mosaicco.com,58781,major,high,Complexo alcalino Tapira,"Carbonatito, Dunito, Glimmerito, Peridotito, Piroxenito","SGB/CPRM Brazil, Litoestratigrafia 1:1M (2004)",False,0.0,0.0
1069,Aboboras,Fernandinho,Vale,Brazil,-20.18332,-43.859515,Inactive Care and Maintenance,2006.0,1020000.0,1020000.0,Low,Global Tailing Dam [https://www.grida.no/publications/472],http://www.vale.com/EN/investors/information-market/presentations-webcast/PresentationsWebcastsDocs/Cover%20Letter_consolidated_i.pdf,56886,major,high,"Unidade Nova Lima, metamáfica-ultramáfica","Metagabro, Serpentinito, Xisto","SGB/CPRM Brazil, Litoestratigrafia 1:1M (2004)",False,4667.003027432206,4.7
1070,Aboboras,Vargem Grande,Vale,Brazil,-20.181878,-43.867009,Inactive Care and Maintenance,2001.0,9500000.0,9500000.0,High,Global Tailing Dam [https://www.grida.no/publications/472],http://www.vale.com/EN/investors/information-market/presentations-webcast/PresentationsWebcastsDocs/Cover%20Letter_consolidated_i.pdf,56886,major,high,"Unidade Nova Lima, metamáfica-ultramáfica","Metagabro, Serpentinito, Xisto","SGB/CPRM Brazil, Litoestratigrafia 1:1M (2004)",False,4731.175951673985,4.7
1072,Agua Limpa,5 - MAC System,Vale,Brazil,-19.977087,-43.893003,Inactive Care and Maintenance,1989.0,13720000.0,13720000.0,High,Global Tailing Dam [https://www.grida.no/publications/472],http://www.vale.com/EN/investors/information-market/presentations-webcast/PresentationsWebcastsDocs/Cover%20Letter_consolidated_i.pdf,57075,major,high,"Unidade Nova Lima, metamáfica-ultramáfica","Metagabro, Serpentinito, Xisto","SGB/CPRM Brazil, Litoestratigrafia 1:1M (2004)",False,363.94706814228454,0.4
1075,Brucutu,Sul (Córrego do Canal),Vale,Brazil,-19.883975,-43.38568,Active,1999.0,53740000.0,63740000.0,High,Global Tailing Dam [https://www.grida.no/publications/472],http://www.vale.com/EN/investors/information-market/presentations-webcast/PresentationsWebcastsDocs/Cover%20Letter_consolidated_i.pdf,57118,major,high,"Unidade Nova Lima, metamáfica-ultramáfica","Metagabro, Serpentinito, Xisto","SGB/CPRM Brazil, Litoestratigrafia 1:1M (2004)",False,3457.9085688812243,3.5
1078,Caue,Pontal System,Vale,Brazil,-19.625463,-43.182944,Inactive Care and Maintenance,1972.0,226960000.0,226960000.0,High,Global Tailing Dam [https://www.grida.no/publications/472],http://www.vale.com/EN/investors/information-market/presentations-webcast/PresentationsWebcastsDocs/Cover%20Letter_consolidated_i.pdf,57125,major,high,"Unidade Nova Lima, metamáfica-ultramáfica","Metagabro, Serpentinito, Xisto","SGB/CPRM Brazil, Litoestratigrafia 1:1M (2004)",False,4521.737607220438,4.5
1079,Conceicao,Conceição,Vale,Brazil,-19.647591,-43.274146,Active,1977.0,38060000.0,41060000.0,High,Global Tailing Dam [https://www.grida.no/publications/472],http://www.vale.com/EN/investors/information-market/presentations-webcast/PresentationsWebcastsDocs/Cover%20Letter_consolidated_i.pdf,57125,major,high,"Unidade Nova Lima, metamáfica-ultramáfica","Metagabro, Serpentinito, Xisto","SGB/CPRM Brazil, Litoestratigrafia 1:1M (2004)",False,0.0,0.0
1080,Conceicao,Itabiruçu,Vale,Brazil,-19.685378,-43.286226,Active,1981.0,131700000.0,196200000.0,High,Global Tailing Dam [https://www.grida.no/publications/472],http://www.vale.com/EN/investors/information-market/presentations-webcast/PresentationsWebcastsDocs/Cover%20Letter_consolidated_i.pdf,57125,major,high,"Unidade Nova Lima, metamáfica-ultramáfica","Metagabro, Serpentinito, Xisto","SGB/CPRM Brazil, Litoestratigrafia 1:1M (2004)",False,0.0,0.0
1081,Conceicao,Rio do Peixe System,Vale,Brazil,-19.674226,-43.23642,Active,1977.0,13800000.0,13800000.0,High,Global Tailing Dam [https://www.grida.no/publications/472],http://www.vale.com/EN/investors/information-market/presentations-webcast/PresentationsWebcastsDocs/Cover%20Letter_consolidated_i.pdf,57125,major,high,"Unidade Nova Lima, metamáfica-ultramáfica","Metagabro, Serpentinito, Xisto","SGB/CPRM Brazil, Litoestratigrafia 1:1M (2004)",False,0.0,0.0
1083,Corrego do Meio,Galego,Vale,Brazil,-19.857202,-43.804528,Inactive Care and Maintenance,1992.0,1260000.0,1260000.0,High,Global Tailing Dam [https://www.grida.no/publications/472],http://www.vale.com/EN/investors/information-market/presentations-webcast/PresentationsWebcastsDocs/Cover%20Letter_consolidated_i.pdf,57075,major,high,"Unidade Nova Lima, metamáfica-ultramáfica","Metagabro, Serpentinito, Xisto","SGB/CPRM Brazil, Litoestratigrafia 1:1M (2004)",False,2228.285138172414,2.2
1090,Gongo Soco,Sul Superior,Vale,Brazil,-19.970176,-43.596867,Inactive Care and Maintenance,,6020000.0,6020000.0,High,Global Tailing Dam [https://www.grida.no/publications/472],http://www.vale.com/EN/investors/information-market/presentations-webcast/PresentationsWebcastsDocs/Cover%20Letter_consolidated_i.pdf,57076,major,high,"Unidade Nova Lima, metamáfica-ultramáfica","Metagabro, Serpentinito, Xisto","SGB/CPRM Brazil, Litoestratigrafia 1:1M (2004)",False,2555.959775324426,2.6
1095,Mar Azul,B3/B5,Vale,Brazil,-20.049122,-43.954696,Inactive Care and Maintenance,,2700000.0,2700000.0,High,Global Tailing Dam [https://www.grida.no/publications/472],http://www.vale.com/EN/investors/information-market/presentations-webcast/PresentationsWebcastsDocs/Cover%20Letter_consolidated_i.pdf,56887,major,high,"Unidade Nova Lima, metamáfica-ultramáfica","Metagabro, Serpentinito, Xisto","SGB/CPRM Brazil, Litoestratigrafia 1:1M (2004)",False,790.1568702001244,0.8
1096,Mutuca,5 - Mutuca,Vale,Brazil,-20.026226,-43.942562,Active,1989.0,11000000.0,11000000.0,High,Global Tailing Dam [https://www.grida.no/publications/472],http://www.vale.com/EN/investors/information-market/presentations-webcast/PresentationsWebcastsDocs/Cover%20Letter_consolidated_i.pdf,56887,major,high,"Unidade Nova Lima, metamáfica-ultramáfica","Metagabro, Serpentinito, Xisto","SGB/CPRM Brazil, Litoestratigrafia 1:1M (2004)",False,0.0,0.0
1237,Jacobina,B1 TSF,Yamana Gold,Brazil,-11.244167,-40.523889,Closed,1982.0,10000000.0,10000000.0,Medium,Global Tailing Dam [https://www.grida.no/publications/472],https://s22.q4cdn.com/899716706/files/doc_downloads/2019/06/Tailings-Safety-Disclosure-Data.pdf,57267,major,high,Serra da Jacobina,"Metaperidotito, Metapiroxenito, Serpentinito, Talco xisto","SGB/CPRM Brazil, Litoestratigrafia 1:1M (2004)",False,1135.6267412706482,1.1
1238,Jacobina,B2 TSF,Yamana Gold,Brazil,-11.234167,-40.528889,Active,2010.0,7500000.0,11700000.0,Medium,Global Tailing Dam [https://www.grida.no/publications/472],https://s22.q4cdn.com/899716706/files/doc_downloads/2019/06/Tailings-Safety-Disclosure-Data.pdf,57267,major,high,Serra da Jacobina,"Metaperidotito, Metapiroxenito, Serpentinito, Talco xisto","SGB/CPRM Brazil, Litoestratigrafia 1:1M (2004)",False,1671.6916019679352,1.7
16,Goldex,South TSF,Agnico Eagle Mines,Canada,48.054342,-77.841978,Active,2007.0,1664000.0,2500000.0,Medium,Global Tailing Dam [https://www.grida.no/publications/472],https://s21.q4cdn.com/374334112/files/doc_downloads/Sustainability/TM-Report/Agnico-Eagle-Summary-Tailings-Management-Report-June-2019.pdf,53604,major,high,,Volcanites et intrusions ultramafiques et mafiques,"Quebec SIGEOM, Geologie du socle (Zone geologique)",True,1490.9512699906106,1.5
26,Joutel,TMF South,Agnico Eagle Mines,Canada,49.291356,-78.224038,Inactive,1986.0,2200000.0,2200000.0,Medium,Global Tailing Dam [https://www.grida.no/publications/472],https://s21.q4cdn.com/374334112/files/doc_downloads/Sustainability/TM-Report/Agnico-Eagle-Summary-Tailings-Management-Report-June-2019.pdf,52828,major,high,,"Péridotite, serpentinite, dunite, pyroxénite, coulée mafique et ultramafique","Quebec SIGEOM, Geologie du socle (Zone geologique)",True,751.7711903754068,0.8
24,Laronde,Extension A4,Agnico Eagle Mines,Canada,48.254847,-78.400641,Active,2010.0,1500000.0,3400000.0,Medium,Global Tailing Dam [https://www.grida.no/publications/472],https://s21.q4cdn.com/374334112/files/doc_downloads/Sustainability/TM-Report/Agnico-Eagle-Summary-Tailings-Management-Report-June-2019.pdf,50184,major,high,,Volcanites et intrusions ultramafiques,"Quebec SIGEOM, Geologie du socle (Zone geologique)",True,1888.9472639959579,1.9
23,Laronde,Principal TSF,Agnico Eagle Mines,Canada,48.257872,-78.417616,Active,1988.0,29923000.0,32650000.0,Medium,Global Tailing Dam [https://www.grida.no/publications/472],https://s21.q4cdn.com/374334112/files/doc_downloads/Sustainability/TM-Report/Agnico-Eagle-Summary-Tailings-Management-Report-June-2019.pdf,50184,major,high,,Volcanites et intrusions ultramafiques,"Quebec SIGEOM, Geologie du socle (Zone geologique)",True,1622.2069916509242,1.6
14,Meadowbank,In pit,Agnico Eagle Mines,Canada,65.019033,-96.048962,Active,2009.0,850000.0,12500000.0,Low,Global Tailing Dam [https://www.grida.no/publications/472],https://s21.q4cdn.com/374334112/files/doc_downloads/Sustainability/TM-Report/Agnico-Eagle-Summary-Tailings-Management-Report-June-2019.pdf,12048,idonly,high,Committee Bay and Woodburn Lake Groups,,"Geological Survey of Canada, Canadian Geoscience Map 307",True,63.96037041543143,0.1
12,Meadowbank,North Cell,Agnico Eagle Mines,Canada,65.037738,-96.072833,Active,2009.0,14400000.0,14400000.0,Medium,Global Tailing Dam [https://www.grida.no/publications/472],https://s21.q4cdn.com/374334112/files/doc_downloads/Sustainability/TM-Report/Agnico-Eagle-Summary-Tailings-Management-Report-June-2019.pdf,12053,idonly,high,Committee Bay and Woodburn Lake Groups,,"Geological Survey of Canada, Canadian Geoscience Map 307",True,0.0,0.0
13,Meadowbank,South Cell,Agnico Eagle Mines,Canada,65.025917,-96.064086,Active,2012.0,10420000.0,10800000.0,Medium,Global Tailing Dam [https://www.grida.no/publications/472],https://s21.q4cdn.com/374334112/files/doc_downloads/Sustainability/TM-Report/Agnico-Eagle-Summary-Tailings-Management-Report-June-2019.pdf,12053,idonly,high,Committee Bay and Woodburn Lake Groups,,"Geological Survey of Canada, Canadian Geoscience Map 307",True,617.2250581069256,0.6
19,Canadian Malartic,Canadian Malartic TSF,Agnico Eagle Mines,Canada,48.112562,-78.091518,Active,1991.0,96000000.0,136500000.0,Medium,Global Tailing Dam [https://www.grida.no/publications/472],https://s21.q4cdn.com/374334112/files/doc_downloads/Sustainability/TM-Report/Agnico-Eagle-Summary-Tailings-Management-Report-June-2019.pdf,51996,major,high,V4,Volcanites ultramafiques,"Quebec SIGEOM, Geologie du socle (Zone geologique)",True,1637.71110815011,1.6
221,Bousquet ,Bousquet LTA,Barrick Gold Corporation,Canada,48.106408,-78.000949,Closed,1938.0,14000000.0,14000000.0,Significant,Global Tailing Dam [https://www.grida.no/publications/472],https://barrick.q4cdn.com/788666289/files/doc_downloads/2019/06/Letter-to-the-CoE-plus-inventory.pdf,56230,major,high,,Volcanites et intrusions ultramafiques et mafiques,"Quebec SIGEOM, Geologie du socle (Zone geologique)",True,185.98475378194317,0.2
222,Cadillac Molybdenite,Tailings Stack,Barrick Gold Corporation,Canada,48.315221,-78.382253,Closed,1965.0,1300000.0,1300000.0,Significant,Global Tailing Dam [https://www.grida.no/publications/472],https://barrick.q4cdn.com/788666289/files/doc_downloads/2019/06/Letter-to-the-CoE-plus-inventory.pdf,50361,major,high,,"Komatiite, basalte magnésien et basalte","Quebec SIGEOM, Geologie du socle (Zone geologique)",True,899.29698111511,0.9
2031,,Lac Shortt TSF,First Quantum Minerals,Canada,49.614444,-75.840833,Closed site,1984.0,963000.0,963000.0,TSF does not meet the threshold of 1M m3 water storage for registration of  dams under the Quebec Dam Safety Act.,Global Tailing Dam [https://www.grida.no/publications/472],https://s24.q4cdn.com/821689673/files/doc_downloads/tailings-management/Tailings-Dam-Management-Disclosure-Request-April-2020-FINAL.xlsx,53448,major,high,,"Pyroxénite, péridotite","Quebec SIGEOM, Geologie du socle (Zone geologique)",True,1526.6597491932207,1.5
710,Boss Mountain,Boss Tailings Storage Facility (Main Dam),Glencore,Canada,52.093056,-120.869444,Closed,1977.0,5000000.0,5000000.0,High,Global Tailing Dam [https://www.grida.no/publications/472],https://www.glencore.com/dam/jcr:58e3d8ff-97c1-422f-8d31-dd2fee89fcc3/Glencore_TSFs_190614.pdf,10409,major,high,Polaris ultramafic suite,mafic to ultramafic rocks,"British Columbia Ministry of Energy, Mines and Petroleum Resources, British Columbia Geological Survey Open File 2017-8",True,3648.9232470434167,3.6
711,Boss Mountain,Boss Tailings Storage Facility North Tailings Berm,Glencore,Canada,52.093056,-120.869444,Closed,1977.0,5000000.0,5000000.0,Low,Global Tailing Dam [https://www.grida.no/publications/472],https://www.glencore.com/dam/jcr:58e3d8ff-97c1-422f-8d31-dd2fee89fcc3/Glencore_TSFs_190614.pdf,10409,major,high,Polaris ultramafic suite,mafic to ultramafic rocks,"British Columbia Ministry of Energy, Mines and Petroleum Resources, British Columbia Geological Survey Open File 2017-8",True,3648.9232470434167,3.6
746,Raglan Mine,Raglan (Tailings Dry Stack),Glencore,Canada,61.687425,-73.678414,Active,1998.0,11000000.0,14000000.0,Significant,Global Tailing Dam [https://www.grida.no/publications/472],https://www.glencore.com/dam/jcr:58e3d8ff-97c1-422f-8d31-dd2fee89fcc3/Glencore_TSFs_190614.pdf,54813,major,high,,Péridotite,"Quebec SIGEOM, Geologie du socle (Zone geologique)",True,145.83167446482796,0.1
695,Louvicourt,Tailings Storage Facility (Dam 2) (7),Glencore,Canada,48.1325,-77.601389,Closed,1993.0,5990000.0,5990000.0,Very High,Global Tailing Dam [https://www.grida.no/publications/472],https://www.glencore.com/dam/jcr:58e3d8ff-97c1-422f-8d31-dd2fee89fcc3/Glencore_TSFs_190614.pdf,53551,major,high,I4,Roche intrusive ultramafique,"Quebec SIGEOM, Geologie du socle (Zone geologique)",True,3495.6502592230386,3.5
1685,Casa Berardi,Casa Berardi Cell #1,Hecla Mining Company,Canada,49.560333,-79.232417,Inactive,1989.0,,,High,Global Tailing Dam [https://www.grida.no/publications/472],https://www.hecla-mining.com/wp-content/uploads/2019/06/2019-Hecla-TailingsMgmt_FactSheet.pdf,49513,major,high,,Volcanites et roches intrusives ultramafiques,"Quebec SIGEOM, Geologie du socle (Zone geologique)",True,1614.092434880006,1.6
1686,Casa Berardi,Casa Berardi Cell #2,Hecla Mining Company,Canada,49.561333,-79.223056,Closure,1993.0,,,Significant,Global Tailing Dam [https://www.grida.no/publications/472],https://www.hecla-mining.com/wp-content/uploads/2019/06/2019-Hecla-TailingsMgmt_FactSheet.pdf,49514,major,high,,Volcanites et roches intrusives ultramafiques,"Quebec SIGEOM, Geologie du socle (Zone geologique)",True,1743.036374594849,1.7
1687,Casa Berardi,Casa Berardi Cell #3,Hecla Mining Company,Canada,49.560389,-79.235528,Inactive,1988.0,,,Significant,Global Tailing Dam [https://www.grida.no/publications/472],https://www.hecla-mining.com/wp-content/uploads/2019/06/2019-Hecla-TailingsMgmt_FactSheet.pdf,49513,major,high,,Volcanites et roches intrusives ultramafiques,"Quebec SIGEOM, Geologie du socle (Zone geologique)",True,1636.267102729811,1.6
1677,Casa Berardi,Casa Berardi Cell 4,Hecla Mining Company,Canada,49.555972,-79.240528,Active,2010.0,5000000.0,4000000.0,High,Global Tailing Dam [https://www.grida.no/publications/472],https://www.hecla-mining.com/wp-content/uploads/2019/06/2019-Hecla-TailingsMgmt_FactSheet.pdf,49513,major,high,,Volcanites et roches intrusives ultramafiques,"Quebec SIGEOM, Geologie du socle (Zone geologique)",True,1192.671945862516,1.2
1544,Westwood Gold Mine,IAMGOLD WESTWOOD GOLD MINE/ DOYON,IAMGOLD Corp,Canada,48.272794,-78.550097,Active,1982.0,10945990.0,23212163.0,Significant risk,Global Tailing Dam [https://www.grida.no/publications/472],https://s1.q4cdn.com/060001837/files/doc_downloads/policies/2019/Copy-of-Church-of-England-Master_edits.pdf,50334,major,high,,"Komatiite, basalte magnésien, intrusion ultramafique et volcanoclastite mafique","Quebec SIGEOM, Geologie du socle (Zone geologique)",True,2733.2074609897663,2.7
1545,YVAN VEZINA,YVAN VEZINA,IAMGOLD Corp,Canada,48.478839,-78.924386,Closed,1983.0,2500000.0,2500000.0,,Global Tailing Dam [https://www.grida.no/publications/472],https://s1.q4cdn.com/060001837/files/doc_downloads/policies/2019/Copy-of-Church-of-England-Master_edits.pdf,51038,major,high,,"Komatiite et filon-couche ultramafique, basalte et volcanoclastite mafique","Quebec SIGEOM, Geologie du socle (Zone geologique)",True,2037.5419001163468,2.0
1313,Louvicourt,Teck,Teck,Canada,48.132622,-77.601511,Inactive,1993.0,5992050.0,5992050.0,Very High,Global Tailing Dam [https://www.grida.no/publications/472],https://www.teck.com/Tailings/,53551,major,high,I4,Roche intrusive ultramafique,"Quebec SIGEOM, Geologie du socle (Zone geologique)",True,3502.490835631034,3.5
1318,Pinchi ,Pinchi Tailings Storage Facility,Teck,Canada,54.627353,-124.426425,Inactive,1967.0,1000000.0,1000000.0,Significant,Global Tailing Dam [https://www.grida.no/publications/472],https://www.teck.com/Tailings/,4590,major,high,Cache Creek Complex - Trembleur Ultramafite Unit,ultramafic igneous rocks,"British Columbia Ministry of Energy, Mines and Petroleum Resources, British Columbia Geological Survey Open File 2017-8",True,487.1238872411557,0.5
1243,Canadian Malartic,Canadian Malartic TSF,Yamana Gold,Canada,48.111389,-78.103611,Active,2012.0,96000000.0,136500000.0,Medium to High,Global Tailing Dam [https://www.grida.no/publications/472],https://s22.q4cdn.com/899716706/files/doc_downloads/2019/06/Tailings-Safety-Disclosure-Data.pdf,52010,major,high,,Schiste et roches volcaniques ultramafiques,"Quebec SIGEOM, Geologie du socle (Zone geologique)",True,2114.9609140749653,2.1
1818,MMG Yuletide,"MMG Yuletide
in pit",Ramelius Resources,China,-27.983346,117.824481,Closed,2007.0,470000.0,1012000.0,Low,Global Tailing Dam [https://www.grida.no/publications/472],https://www.rameliusresources.com.au/environment/,20654,major,high,ultramafic rocks 74480,igneous ultramafic intrusive; igneous ultramafic volcanic,"Geoscience Australia, Surface Geology of Australia 1:1M (2012)",True,0.0,0.0
1814,EMO,EMO TSF,Ramelius Resources,China,-31.273484,118.688877,Active,2009.0,22000000.0,35000000.0,"Medium
",Global Tailing Dam [https://www.grida.no/publications/472],https://www.rameliusresources.com.au/environment/,21630,major,high,undivided metamorphosed igneous and sedimentary rocks 74367,igneous mafic volcanic; meta-igneous ultramafic,"Geoscience Australia, Surface Geology of Australia 1:1M (2012)",True,929.0713175617803,0.9
2913,Quartz de Dordogne,TSF #1,Imerys,France,45.400357,0.833449,Active,2003.0,700000.0,720000.0,Low,Global Tailing Dam [https://www.grida.no/publications/472],,14837,major,high,,peridotite [5.0%..50.0%]; serpentinite [5.0%..50.0%]; ultramafic igneous rock [50.0%..95.0%],Bureau de Recherches Géologiques et Minières,True,3136.8974715642735,3.1
2914,Quartz de Dordogne,TSF #2,Imerys,France,45.399627,0.830786,Active,2004.0,300000.0,350000.0,Low,Global Tailing Dam [https://www.grida.no/publications/472],,14837,major,high,,peridotite [5.0%..50.0%]; serpentinite [5.0%..50.0%]; ultramafic igneous rock [50.0%..95.0%],Bureau de Recherches Géologiques et Minières,True,3309.1293240611517,3.3
2915,Quartz de Dordogne,TSF #3,Imerys,France,45.397262,0.830838,Active,2014.0,250000.0,350000.0,Low,Global Tailing Dam [https://www.grida.no/publications/472],,14837,major,high,,peridotite [5.0%..50.0%]; serpentinite [5.0%..50.0%]; ultramafic igneous rock [50.0%..95.0%],Bureau de Recherches Géologiques et Minières,True,3527.1298492753276,3.5
1114,Noumea,KO2 Berm,Vale,New Caledonia,-22.308528,166.918417,Active,2008.0,22000000.0,40000000.0,Class A,Global Tailing Dam [https://www.grida.no/publications/472],http://www.vale.com/EN/investors/information-market/presentations-webcast/PresentationsWebcastsDocs/Cover%20Letter_consolidated_i.pdf,34247,major,high,Formations d'altération,Latérites épaisses sur péridotites,"Georep / DIMENC New Caledonia, Massifs de peridotites 1:50k",True,0.0,0.0
1503,ANBP,ANBP-2 TSF (Multiple Dams),PHOSAGRO,Russia,67.659444,33.206667,Active,1963.0,481540000.0,500760000.0,Hazard class I,Global Tailing Dam [https://www.grida.no/publications/472],https://www.phosagro.com,19743,major,medium,Devonian plutonic,plutonic ultramafic group,"Geologisches Jahrbuch, SA 3",True,2624.702079686751,2.6
1504,ANBP,ANBP-3 TSF (Multiple Dams),PHOSAGRO,Russia,67.538056,33.594444,Active,1963.0,252190000.0,328390000.0,Hazard class I,Global Tailing Dam [https://www.grida.no/publications/472],https://www.phosagro.com,19742,major,medium,Devonian plutonic,plutonic ultramafic group,"Geologisches Jahrbuch, SA 3",True,3200.102253194813,3.2
11,Modikwa,Modikwa Tailings Storage Facility,African Rainbow Minerals,South Africa,-24.651158,30.1519,Active,2002.0,22000000.0,28000000.0,High,Global Tailing Dam [https://www.grida.no/publications/472],https://www.arm.co.za/sd/files/arm-summary-tailings-storage-facilities-disclosure.pdf,56717,major,medium,USGS Africa lithology,"Ultramafic (USGS Africa surficial lithology, class 8)","USGS Africa Terrestrial Ecosystems surficial lithology 90 m, class Ultramafic",True,232.75690456540502,0.2
6,Two Rivers,Two Rivers Tailings Storage Facility,African Rainbow Minerals,South Africa,-24.921847,30.122753,Active,2006.0,21200000.0,25000000.0,High,Global Tailing Dam [https://www.grida.no/publications/472],https://www.arm.co.za/sd/files/arm-summary-tailings-storage-facilities-disclosure.pdf,56717,major,medium,USGS Africa lithology,"Ultramafic (USGS Africa surficial lithology, class 8)","USGS Africa Terrestrial Ecosystems surficial lithology 90 m, class Ultramafic",True,0.0,0.0
173,Bokoni JV,Consolidated Dam,Anglo American Platinum,South Africa,-24.29644,29.87809,Inactive,1974.0,7070000.0,7070000.0,Major (High),Global Tailing Dam [https://www.grida.no/publications/472],https://www.angloamerican.com/sustainability/tailings-summary/tailings-database?page=5,56710,major,medium,USGS Africa lithology,"Ultramafic (USGS Africa surficial lithology, class 8)","USGS Africa Terrestrial Ecosystems surficial lithology 90 m, class Ultramafic",True,694.1590581850147,0.7
174,Bokoni JV,Dam 6,Anglo American Platinum,South Africa,-24.30033,29.88824,Inactive,2004.0,7170000.0,7170000.0,Major (High),Global Tailing Dam [https://www.grida.no/publications/472],https://www.angloamericanplatinum.com/~/media/Files/A/Anglo-American-Platinum/documents/annual-updates-2019/platinum-tailings-storage-facilities-angloamerican-new.pdf,56710,major,medium,USGS Africa lithology,"Ultramafic (USGS Africa surficial lithology, class 8)","USGS Africa Terrestrial Ecosystems surficial lithology 90 m, class Ultramafic",True,682.3477929034608,0.7
175,Modikwa JV,Modikwa,Anglo American Platinum,South Africa,-24.651158,30.1519,Active,2002.0,22000000.0,28000000.0,Major (High),Global Tailing Dam [https://www.grida.no/publications/472],https://www.angloamericanplatinum.com/~/media/Files/A/Anglo-American-Platinum/documents/annual-updates-2019/platinum-tailings-storage-facilities-angloamerican-new.pdf,56717,major,medium,USGS Africa lithology,"Ultramafic (USGS Africa surficial lithology, class 8)","USGS Africa Terrestrial Ecosystems surficial lithology 90 m, class Ultramafic",True,232.75690456540502,0.2
113,Mototolo,Helena Dam 1,Anglo American Platinum,South Africa,-25.01605,30.11316,Active,2006.0,14000000.0,15000000.0,Major (High),Global Tailing Dam [https://www.grida.no/publications/472],https://www.angloamericanplatinum.com/~/media/Files/A/Anglo-American-Platinum/documents/annual-updates-2019/platinum-tailings-storage-facilities-angloamerican-new.pdf,56717,major,medium,USGS Africa lithology,"Ultramafic (USGS Africa surficial lithology, class 8)","USGS Africa Terrestrial Ecosystems surficial lithology 90 m, class Ultramafic",True,0.0,0.0
114,Mototolo,Mareesburg,Anglo American Platinum,South Africa,-25.01143,30.14734,Active,2018.0,76000.0,5550000.0,Major (High),Global Tailing Dam [https://www.grida.no/publications/472],https://www.angloamericanplatinum.com/~/media/Files/A/Anglo-American-Platinum/documents/annual-updates-2019/platinum-tailings-storage-facilities-angloamerican-new.pdf,56717,major,medium,USGS Africa lithology,"Ultramafic (USGS Africa surficial lithology, class 8)","USGS Africa Terrestrial Ecosystems surficial lithology 90 m, class Ultramafic",True,0.0,0.0
176,Kroondal JV (PSA1),K1,Anglo American Platinum,South Africa,-25.71306,27.3296,Active,1999.0,5300000.0,6200000.0,Major (High),Global Tailing Dam [https://www.grida.no/publications/472],https://www.angloamericanplatinum.com/~/media/Files/A/Anglo-American-Platinum/documents/annual-updates-2019/platinum-tailings-storage-facilities-angloamerican-new.pdf,56723,major,medium,USGS Africa lithology,"Ultramafic (USGS Africa surficial lithology, class 8)","USGS Africa Terrestrial Ecosystems surficial lithology 90 m, class Ultramafic",True,3182.274676987763,3.2
177,Kroondal JV (PSA1),K150,Anglo American Platinum,South Africa,-25.7164,27.35163,Active,2001.0,10100000.0,11900000.0,Major (High),Global Tailing Dam [https://www.grida.no/publications/472],https://www.angloamericanplatinum.com/~/media/Files/A/Anglo-American-Platinum/documents/annual-updates-2019/platinum-tailings-storage-facilities-angloamerican-new.pdf,56723,major,medium,USGS Africa lithology,"Ultramafic (USGS Africa surficial lithology, class 8)","USGS Africa Terrestrial Ecosystems surficial lithology 90 m, class Ultramafic",True,3555.358862376023,3.6
178,Kroondal JV (PSA1),K2,Anglo American Platinum,South Africa,-25.71688,27.3604,Active,2005.0,16000000.0,18400000.0,Major (High),Global Tailing Dam [https://www.grida.no/publications/472],https://www.angloamericanplatinum.com/~/media/Files/A/Anglo-American-Platinum/documents/annual-updates-2019/platinum-tailings-storage-facilities-angloamerican-new.pdf,56723,major,medium,USGS Africa lithology,"Ultramafic (USGS Africa surficial lithology, class 8)","USGS Africa Terrestrial Ecosystems surficial lithology 90 m, class Ultramafic",True,4051.5272188301783,4.1
179,Kroondal JV (PSA2),Marikana,Anglo American Platinum,South Africa,-25.732519,27.40939,Active,1999.0,11900000.0,16800000.0,Major (High),Global Tailing Dam [https://www.grida.no/publications/472],https://www.angloamericanplatinum.com/~/media/Files/A/Anglo-American-Platinum/documents/annual-updates-2019/platinum-tailings-storage-facilities-angloamerican-new.pdf,56723,major,medium,USGS Africa lithology,"Ultramafic (USGS Africa surficial lithology, class 8)","USGS Africa Terrestrial Ecosystems surficial lithology 90 m, class Ultramafic",True,1418.7395354484875,1.4
721,Boshoek Smelter Complex,Boshoek Smelter (Slimes),Glencore,South Africa,-25.486667,27.115278,Active,2005.0,30000.0,40000.0,High,Global Tailing Dam [https://www.grida.no/publications/472],https://www.glencore.com/dam/jcr:58e3d8ff-97c1-422f-8d31-dd2fee89fcc3/Glencore_TSFs_190614.pdf,56723,major,medium,USGS Africa lithology,"Ultramafic (USGS Africa surficial lithology, class 8)","USGS Africa Terrestrial Ecosystems surficial lithology 90 m, class Ultramafic",True,1818.1815936293838,1.8
737,Helena Chromium Mine,Helena TSF (Tailings Dam),Glencore,South Africa,-25.000278,30.119722,Inactive,2007.0,120000.0,120000.0,Significant,Global Tailing Dam [https://www.grida.no/publications/472],https://www.glencore.com/dam/jcr:58e3d8ff-97c1-422f-8d31-dd2fee89fcc3/Glencore_TSFs_190614.pdf,56717,major,medium,USGS Africa lithology,"Ultramafic (USGS Africa surficial lithology, class 8)","USGS Africa Terrestrial Ecosystems surficial lithology 90 m, class Ultramafic",True,0.0,0.0
734,Lion Smelter,Lion Smelter (Cell 1),Glencore,South Africa,-24.823611,30.116111,Active,2006.0,280000.0,410000.0,Significant,Global Tailing Dam [https://www.grida.no/publications/472],https://www.glencore.com/dam/jcr:58e3d8ff-97c1-422f-8d31-dd2fee89fcc3/Glencore_TSFs_190614.pdf,56717,major,medium,USGS Africa lithology,"Ultramafic (USGS Africa surficial lithology, class 8)","USGS Africa Terrestrial Ecosystems surficial lithology 90 m, class Ultramafic",True,0.0,0.0
735,Lion Smelter,Lion Smelter (Cell 2 and 3),Glencore,South Africa,-24.822222,30.116944,Active,2012.0,520000.0,1000000.0,Significant,Global Tailing Dam [https://www.grida.no/publications/472],https://www.glencore.com/dam/jcr:58e3d8ff-97c1-422f-8d31-dd2fee89fcc3/Glencore_TSFs_190614.pdf,56717,major,medium,USGS Africa lithology,"Ultramafic (USGS Africa surficial lithology, class 8)","USGS Africa Terrestrial Ecosystems surficial lithology 90 m, class Ultramafic",True,0.0,0.0
732,Rietvly Silica Mine,Rietvly (Silica TSF),Glencore,South Africa,-25.629722,27.133056,Active,2017.0,200000.0,260000.0,High,Global Tailing Dam [https://www.grida.no/publications/472],https://www.glencore.com/dam/jcr:58e3d8ff-97c1-422f-8d31-dd2fee89fcc3/Glencore_TSFs_190614.pdf,56723,major,medium,USGS Africa lithology,"Ultramafic (USGS Africa surficial lithology, class 8)","USGS Africa Terrestrial Ecosystems surficial lithology 90 m, class Ultramafic",True,853.6757075292877,0.9
722,Rustenburg Smelter,Rustenburg Smelter (Slimes 1 2 3),Glencore,South Africa,-25.615556,27.225,Inactive,1980.0,400000.0,400000.0,Significant,Global Tailing Dam [https://www.grida.no/publications/472],https://www.glencore.com/dam/jcr:58e3d8ff-97c1-422f-8d31-dd2fee89fcc3/Glencore_TSFs_190614.pdf,56723,major,medium,USGS Africa lithology,"Ultramafic (USGS Africa surficial lithology, class 8)","USGS Africa Terrestrial Ecosystems surficial lithology 90 m, class Ultramafic",True,1252.220294216376,1.3
723,Rustenburg Smelter,Rustenburg Smelter (Slimes 4),Glencore,South Africa,-25.614444,27.226111,Active,2016.0,160000.0,280000.0,High,Global Tailing Dam [https://www.grida.no/publications/472],https://www.glencore.com/dam/jcr:58e3d8ff-97c1-422f-8d31-dd2fee89fcc3/Glencore_TSFs_190614.pdf,56723,major,medium,USGS Africa lithology,"Ultramafic (USGS Africa surficial lithology, class 8)","USGS Africa Terrestrial Ecosystems surficial lithology 90 m, class Ultramafic",True,1390.1979884366604,1.4
736,Thorncliffe Chrome Mine,Thorncliffe TSF (North Tailings Disposal Dam),Glencore,South Africa,-24.960556,30.124722,Active,2017.0,410000.0,760000.0,Significant,Global Tailing Dam [https://www.grida.no/publications/472],https://www.glencore.com/dam/jcr:58e3d8ff-97c1-422f-8d31-dd2fee89fcc3/Glencore_TSFs_190614.pdf,56717,major,medium,USGS Africa lithology,"Ultramafic (USGS Africa surficial lithology, class 8)","USGS Africa Terrestrial Ecosystems surficial lithology 90 m, class Ultramafic",True,0.0,0.0
730,Waterval Mine,Waterval TSF (East),Glencore,South Africa,-25.684167,27.27,Closed,,45000.0,45000.0,Low,Global Tailing Dam [https://www.grida.no/publications/472],https://www.glencore.com/dam/jcr:58e3d8ff-97c1-422f-8d31-dd2fee89fcc3/Glencore_TSFs_190614.pdf,56723,major,medium,USGS Africa lithology,"Ultramafic (USGS Africa surficial lithology, class 8)","USGS Africa Terrestrial Ecosystems surficial lithology 90 m, class Ultramafic",True,0.0,0.0
731,Waterval Mine,Waterval TSF (West),Glencore,South Africa,-25.684444,27.268889,Closed,,380000.0,380000.0,Low,Global Tailing Dam [https://www.grida.no/publications/472],https://www.glencore.com/dam/jcr:58e3d8ff-97c1-422f-8d31-dd2fee89fcc3/Glencore_TSFs_190614.pdf,56723,major,medium,USGS Africa lithology,"Ultramafic (USGS Africa surficial lithology, class 8)","USGS Africa Terrestrial Ecosystems surficial lithology 90 m, class Ultramafic",True,0.0,0.0
724,Wonderkop Smelter,Wonderkop Smelter (Slimes Dam 1),Glencore,South Africa,-25.715833,27.405,Inactive,1997.0,60000.0,60000.0,Significant,Global Tailing Dam [https://www.grida.no/publications/472],https://www.glencore.com/dam/jcr:58e3d8ff-97c1-422f-8d31-dd2fee89fcc3/Glencore_TSFs_190614.pdf,56723,major,medium,USGS Africa lithology,"Ultramafic (USGS Africa surficial lithology, class 8)","USGS Africa Terrestrial Ecosystems surficial lithology 90 m, class Ultramafic",True,2626.90665685861,2.6
725,Wonderkop Smelter,Wonderkop Smelter (Slimes Dam 2),Glencore,South Africa,-25.716389,27.403056,Inactive,2004.0,100000.0,100000.0,Significant,Global Tailing Dam [https://www.grida.no/publications/472],https://www.glencore.com/dam/jcr:58e3d8ff-97c1-422f-8d31-dd2fee89fcc3/Glencore_TSFs_190614.pdf,56723,major,medium,USGS Africa lithology,"Ultramafic (USGS Africa surficial lithology, class 8)","USGS Africa Terrestrial Ecosystems surficial lithology 90 m, class Ultramafic",True,2764.935498905205,2.8
726,Wonderkop Smelter,Wonderkop Smelter (Slimes Dam 3),Glencore,South Africa,-25.717778,27.403333,Active,2013.0,6000.0,290000.0,High,Global Tailing Dam [https://www.grida.no/publications/472],https://www.glencore.com/dam/jcr:58e3d8ff-97c1-422f-8d31-dd2fee89fcc3/Glencore_TSFs_190614.pdf,56723,major,medium,USGS Africa lithology,"Ultramafic (USGS Africa surficial lithology, class 8)","USGS Africa Terrestrial Ecosystems surficial lithology 90 m, class Ultramafic",True,2683.5299408056626,2.7
729,Kroondal Mine,Kroondal TSF (TSF),Glencore,South Africa,-25.716389,27.356111,Active,2002.0,400000.0,530000.0,High,Global Tailing Dam [https://www.grida.no/publications/472],https://www.glencore.com/dam/jcr:58e3d8ff-97c1-422f-8d31-dd2fee89fcc3/Glencore_TSFs_190614.pdf,56723,major,medium,USGS Africa lithology,"Ultramafic (USGS Africa surficial lithology, class 8)","USGS Africa Terrestrial Ecosystems surficial lithology 90 m, class Ultramafic",True,3820.6215943564457,3.8
2841,Annesley,Quarry 1,Imerys,South Africa,-24.400297,30.256309,Closed,1995.0,500000.0,500000.0,Low,Global Tailing Dam [https://www.grida.no/publications/472],,56717,major,medium,USGS Africa lithology,"Ultramafic (USGS Africa surficial lithology, class 8)","USGS Africa Terrestrial Ecosystems surficial lithology 90 m, class Ultramafic",True,3965.89662144614,4.0
2842,Annesley,Quarry 3,Imerys,South Africa,-24.403267,30.261319,Active,2012.0,150000.0,100000.0,Low,Global Tailing Dam [https://www.grida.no/publications/472],,56717,major,medium,USGS Africa lithology,"Ultramafic (USGS Africa surficial lithology, class 8)","USGS Africa Terrestrial Ecosystems surficial lithology 90 m, class Ultramafic",True,4149.552932748412,4.1
1549,Marula,TD1,IMPALA Platinum,South Africa,-24.511094,30.108347,Active,2003.0,12000000.0,13500000.0,HIGH hazard facility,Global Tailing Dam [https://www.grida.no/publications/472],http://www.implats.co.za/pdf/our-stories/2019/tailings-disclosures.pdf,56717,major,medium,USGS Africa lithology,"Ultramafic (USGS Africa surficial lithology, class 8)","USGS Africa Terrestrial Ecosystems surficial lithology 90 m, class Ultramafic",True,396.3435047809366,0.4
1550,Marula,TD2,IMPALA Platinum,South Africa,-24.516964,30.104231,Construction,2020.0,,45000000.0,,Global Tailing Dam [https://www.grida.no/publications/472],http://www.implats.co.za/pdf/our-stories/2019/tailings-disclosures.pdf,56717,major,medium,USGS Africa lithology,"Ultramafic (USGS Africa surficial lithology, class 8)","USGS Africa Terrestrial Ecosystems surficial lithology 90 m, class Ultramafic",True,772.4170299171141,0.8
1551,Two Rivers,Two Rivers Tailings facility,IMPALA Platinum,South Africa,-24.955322,30.105894,Active,2006.0,3900000.0,565333.0,HIGH hazard facility,Global Tailing Dam [https://www.grida.no/publications/472],http://www.implats.co.za/pdf/our-stories/2019/tailings-disclosures.pdf,56717,major,medium,USGS Africa lithology,"Ultramafic (USGS Africa surficial lithology, class 8)","USGS Africa Terrestrial Ecosystems surficial lithology 90 m, class Ultramafic",True,0.0,0.0
966,Kroondal Mine,K1,Sibanye-Stillwater,South Africa,-25.71306,27.3296,Active,1999.0,5300000.0,6200000.0,High,Global Tailing Dam [https://www.grida.no/publications/472],https://thevault.exchange/?get_group_doc=245/1559906270-sibanye-stillwater-tailings-storage-facilities-07jun2019.pdf,56723,major,medium,USGS Africa lithology,"Ultramafic (USGS Africa surficial lithology, class 8)","USGS Africa Terrestrial Ecosystems surficial lithology 90 m, class Ultramafic",True,3182.274676987763,3.2
967,Kroondal Mine,K150,Sibanye-Stillwater,South Africa,-25.7164,27.35163,Active,2001.0,10100000.0,11900000.0,High,Global Tailing Dam [https://www.grida.no/publications/472],https://thevault.exchange/?get_group_doc=245/1559906270-sibanye-stillwater-tailings-storage-facilities-07jun2019.pdf,56723,major,medium,USGS Africa lithology,"Ultramafic (USGS Africa surficial lithology, class 8)","USGS Africa Terrestrial Ecosystems surficial lithology 90 m, class Ultramafic",True,3555.358862376023,3.6
968,Kroondal Mine,K2,Sibanye-Stillwater,South Africa,-25.71688,27.3604,Active,2005.0,16000000.0,18400000.0,High,Global Tailing Dam [https://www.grida.no/publications/472],https://thevault.exchange/?get_group_doc=245/1559906270-sibanye-stillwater-tailings-storage-facilities-07jun2019.pdf,56723,major,medium,USGS Africa lithology,"Ultramafic (USGS Africa surficial lithology, class 8)","USGS Africa Terrestrial Ecosystems surficial lithology 90 m, class Ultramafic",True,4051.5272188301783,4.1
969,Kroondal Mine,Marikana,Sibanye-Stillwater,South Africa,-25.732519,27.40939,Active,1999.0,11900000.0,16800000.0,High,Global Tailing Dam [https://www.grida.no/publications/472],https://thevault.exchange/?get_group_doc=245/1559906270-sibanye-stillwater-tailings-storage-facilities-07jun2019.pdf,56723,major,medium,USGS Africa lithology,"Ultramafic (USGS Africa surficial lithology, class 8)","USGS Africa Terrestrial Ecosystems surficial lithology 90 m, class Ultramafic",True,1418.7395354484875,1.4
963,Rustenburg operations,Paardekraal PK4,Sibanye-Stillwater,South Africa,-25.6273,27.3053,Active,2007.0,39500000.0,53000000.0,High,Global Tailing Dam [https://www.grida.no/publications/472],https://thevault.exchange/?get_group_doc=245/1559906270-sibanye-stillwater-tailings-storage-facilities-07jun2019.pdf,56723,major,medium,USGS Africa lithology,"Ultramafic (USGS Africa surficial lithology, class 8)","USGS Africa Terrestrial Ecosystems surficial lithology 90 m, class Ultramafic",True,5022.7986997862245,5.0
552,San Ciprian,RSA 1,Alcoa,Spain,43.710602,-7.495062,Active,1980.0,22680000.0,28200000.0,Very High,Global Tailing Dam [https://www.grida.no/publications/472],https://www.alcoa.com/sustainability/en/pdf/impoundments-introduction.pdf,14613,major,high,,serpentinite and peridotite. basic and ultrabasic rocks,Instituto Geológico y Minero de España,True,489.511873170636,0.5
243,McLaughlin,McLaughlin TSF,Barrick Gold Corporation,USA,38.866172,-122.438928,Closed,1985.0,27000000.0,27000000.0,High,Global Tailing Dam [https://www.grida.no/publications/472],https://barrick.q4cdn.com/788666289/files/doc_downloads/2019/06/Letter-to-the-CoE-plus-inventory.pdf,6827,major,high,"Ultramafic rocks, chiefly Mesozoic, unit 3 (Coast Ranges and Western Klamath Mountains)","Major:{serpentinite}, Minor:{peridotite}",U.S. Geological Survey Data Series 1052,True,0.0,0.0
699,Grey Eagle,Tailings Storage Facility (Tailings Dam),Glencore,USA,41.863611,-123.374444,Closed,1982.0,1000000.0,1000000.0,Significant,Global Tailing Dam [https://www.grida.no/publications/472],https://www.glencore.com/dam/jcr:58e3d8ff-97c1-422f-8d31-dd2fee89fcc3/Glencore_TSFs_190614.pdf,6584,major,high,"Ultramafic rocks, chiefly Mesozoic, unit 2 (Western Sierra Nevada and Klamath Mountains)","Major:{peridotite,serpentinite}, Minor:{pyroxenite}",U.S. Geological Survey Data Series 1052,True,1353.0584325905022,1.4
1678,Greens Creek,Greens Creek,Hecla Mining Company,USA,58.1174,-134.7463,Active,1989.0,3890000.0,840000.0,,Global Tailing Dam [https://www.grida.no/publications/472],https://www.hecla-mining.com/wp-content/uploads/2019/06/2019-Hecla-TailingsMgmt_FactSheet.pdf,3758,major,high,"Dunite and serpentinite, undivided",Metamorphic," U.S. Geological Survey Scientific Investigations Map 3340, pamphlet 196",True,187.51328044935607,0.2
2876,Lompoc,44 East Pond,Imerys,USA,34.590919,-120.442348,Active,1988.0,238000.0,238000.0,Low Risk,Global Tailing Dam [https://www.grida.no/publications/472],,10707,major,high,"Ultramafic rocks, chiefly Mesozoic, unit 3 (Coast Ranges and Western Klamath Mountains)","Major:{serpentinite}, Minor:{peridotite}",U.S. Geological Survey Data Series 1052,True,4073.4624424121353,4.1
2875,Lompoc,44 West Pond,Imerys,USA,34.591139,-120.44669,Active,1998.0,370000.0,370000.0,Low Risk,Global Tailing Dam [https://www.grida.no/publications/472],,10707,major,high,"Ultramafic rocks, chiefly Mesozoic, unit 3 (Coast Ranges and Western Klamath Mountains)","Major:{serpentinite}, Minor:{peridotite}",U.S. Geological Survey Data Series 1052,True,3713.8180644385056,3.7
2877,Lompoc,TJ Pond,Imerys,USA,34.599939,-120.446121,Active,2001.0,,,,Global Tailing Dam [https://www.grida.no/publications/472],,10707,major,high,"Ultramafic rocks, chiefly Mesozoic, unit 3 (Coast Ranges and Western Klamath Mountains)","Major:{serpentinite}, Minor:{peridotite}",U.S. Geological Survey Data Series 1052,True,4017.4627092547726,4.0
1898,Empire Mine                ,Sand Dam -  Property owned by California State Parkes.,Newmont Goldcorp,USA,39.2047,-121.0476,Inactive ,1956.0,10000000.0,,High,Global Tailing Dam [https://www.grida.no/publications/472],https://www.newmontgoldcorp.com/document/church-of-england-tailings-management/,8325,major,high,"Ultramafic rocks, chiefly Mesozoic, unit 2 (Western Sierra Nevada and Klamath Mountains)","Major:{peridotite,serpentinite}, Minor:{pyroxenite}",U.S. Geological Survey Data Series 1052,True,2546.4871581059747,2.5
1897,Empire Mine                ,Stacy Lane Pond,Newmont Goldcorp,USA,39.2047,-121.0476,Inactive ,1955.0,250000.0,,High,Global Tailing Dam [https://www.grida.no/publications/472],https://www.newmontgoldcorp.com/document/church-of-england-tailings-management/,8325,major,high,"Ultramafic rocks, chiefly Mesozoic, unit 2 (Western Sierra Nevada and Klamath Mountains)","Major:{peridotite,serpentinite}, Minor:{pyroxenite}",U.S. Geological Survey Data Series 1052,True,2546.4871581059747,2.5
1244,Royal Mountain King Mine,Flotation Tailings Reservoir,Yamana Gold,USA,38.008333,-120.684722,Closed,1989.0,5200000.0,5200000.0,,Global Tailing Dam [https://www.grida.no/publications/472],https://s22.q4cdn.com/899716706/files/doc_downloads/2019/06/Tailings-Safety-Disclosure-Data.pdf,10613,major,high,"Ultramafic rocks, chiefly Mesozoic, unit 2 (Western Sierra Nevada and Klamath Mountains)","Major:{peridotite,serpentinite}, Minor:{pyroxenite}",U.S. Geological Survey Data Series 1052,True,4304.221125368161,4.3
115,Unki,Dam 1,Anglo American Platinum,Zimbabwe,-19.62417,30.07222,Active,2010.0,7900000.0,14700000.0,Major,Global Tailing Dam [https://www.grida.no/publications/472],https://www.angloamericanplatinum.com/~/media/Files/A/Anglo-American-Platinum/documents/annual-updates-2019/platinum-tailings-storage-facilities-angloamerican-new.pdf,56688,major,medium,USGS Africa lithology,"Ultramafic (USGS Africa surficial lithology, class 8)","USGS Africa Terrestrial Ecosystems surficial lithology 90 m, class Ultramafic",True,983.145335444703,1.0
118,Unki,Unki Slag Stockpile,Anglo American Platinum,Zimbabwe,-19.613694,30.097567,Active,2018.0,10000.0,130000.0,Insignificant,Global Tailing Dam [https://www.grida.no/publications/472],https://www.angloamericanplatinum.com/~/media/Files/A/Anglo-American-Platinum/documents/annual-updates-2019/platinum-tailings-storage-facilities-angloamerican-new.pdf,56688,major,medium,USGS Africa lithology,"Ultramafic (USGS Africa surficial lithology, class 8)","USGS Africa Terrestrial Ecosystems surficial lithology 90 m, class Ultramafic",True,10.932702044217425,0.0
1552,Mimosa,Mimosa Phase 3 Tailings facility,IMPALA Platinum,Zimbabwe,-20.3185,29.831806,Active,2002.0,20000000.0,28600000.0,High,Global Tailing Dam [https://www.grida.no/publications/472],http://www.implats.co.za/pdf/our-stories/2019/tailings-disclosures.pdf,56688,major,medium,USGS Africa lithology,"Ultramafic (USGS Africa surficial lithology, class 8)","USGS Africa Terrestrial Ecosystems surficial lithology 90 m, class Ultramafic",True,0.0,0.0
